time	DeviceName	AccX(g)	AccY(g)	AccZ(g)	AsX(°/s)	AsY(°/s)	AsZ(°/s)	AngleX(°)	AngleY(°)	AngleZ(°)	HX(uT)	HY(uT)	HZ(uT)	Q0()	Q1()	Q2()	Q3()	Temperature(°C)	Version()	Battery level(%)
2025-3-27 20:17:26.297	WT901BLE68-01(48591DE3C19B)	-0.264	-0.958	0.182	1.709	3.662	3.235	-77.50	17.99	-25.20	-51.156	-4.116	-8.134	-0.77255	0.62131	-0.03162	-0.12668	29.3	13111	100
2025-3-27 20:17:26.298	WT901BLE68-01(48591DE3C19B)	-0.264	-0.957	0.178	1.953	4.028	3.723	-77.51	18.02	-25.65	-51.156	-4.116	-8.134	-0.77255	0.62131	-0.03162	-0.12668	29.3	13111	100
2025-3-27 20:17:26.298	WT901BLE68-01(48591DE3C19B)	-0.250	-0.957	0.178	1.953	4.028	3.723	-77.51	18.06	-26.10	-51.156	-4.116	-8.134	-0.77255	0.62131	-0.03162	-0.12668	29.3	13111	100
2025-3-27 20:17:26.298	WT901BLE68-01(48591DE3C19B)	-0.250	-0.943	0.174	1.648	4.456	3.845	-77.53	18.10	-26.56	-51.156	-4.116	-8.134	-0.77255	0.62131	-0.03162	-0.12668	29.3	13111	100
2025-3-27 20:17:26.330	WT901BLE68-01(48591DE3C19B)	-0.242	-0.943	0.174	1.648	4.456	3.845	-77.54	18.14	-27.01	-51.156	-4.116	-8.134	-0.77255	0.62131	-0.03162	-0.12668	29.3	13111	100
2025-3-27 20:17:26.330	WT901BLE68-01(48591DE3C19B)	-0.242	-0.943	0.172	1.587	5.859	3.479	-77.55	18.18	-27.47	-51.156	-4.116	-8.134	-0.77255	0.62131	-0.03162	-0.12668	29.3	13111	100
2025-3-27 20:17:26.330	WT901BLE68-01(48591DE3C19B)	-0.247	-0.943	0.172	1.587	5.859	3.479	-77.57	18.22	-27.93	-51.156	-4.116	-8.134	-0.77255	0.62131	-0.03162	-0.12668	29.3	13111	100
2025-3-27 20:17:26.330	WT901BLE68-01(48591DE3C19B)	-0.247	-0.940	0.174	1.953	7.202	3.174	-77.59	18.25	-28.41	-51.156	-4.116	-8.134	-0.77255	0.62131	-0.03162	-0.12668	29.3	13111	100
2025-3-27 20:17:26.365	WT901BLE68-01(48591DE3C19B)	-0.244	-0.940	0.174	1.953	7.202	3.174	-77.61	18.29	-28.88	-51.156	-4.116	-8.134	-0.77255	0.62131	-0.03162	-0.12668	29.3	13111	100
2025-3-27 20:17:26.365	WT901BLE68-01(48591DE3C19B)	-0.244	-0.928	0.181	2.136	7.019	2.930	-77.63	18.32	-29.35	-51.156	-4.116	-8.134	-0.77255	0.62131	-0.03162	-0.12668	29.3	13111	100
2025-3-27 20:17:26.365	WT901BLE68-01(48591DE3C19B)	-0.252	-0.928	0.181	2.136	7.019	2.930	-77.65	18.35	-29.82	-51.156	-4.116	-8.134	-0.76862	0.56555	-0.28055	0.10272	29.3	13111	100
2025-3-27 20:17:26.365	WT901BLE68-01(48591DE3C19B)	-0.252	-0.932	0.192	2.441	6.592	2.747	-77.67	18.38	-30.28	-51.156	-4.116	-8.134	-0.76862	0.56555	-0.28055	0.10272	29.3	13111	100
2025-3-27 20:17:26.418	WT901BLE68-01(48591DE3C19B)	-0.253	-0.932	0.192	2.441	6.592	2.747	-77.68	18.41	-30.75	-51.156	-4.116	-8.134	-0.76862	0.56555	-0.28055	0.10272	29.3	13111	100
2025-3-27 20:17:26.418	WT901BLE68-01(48591DE3C19B)	-0.253	-0.944	0.196	3.662	6.287	3.479	-77.68	18.44	-31.20	-51.156	-4.116	-8.134	-0.76862	0.56555	-0.28055	0.10272	29.3	13111	100
2025-3-27 20:17:26.418	WT901BLE68-01(48591DE3C19B)	-0.228	-0.944	0.196	3.662	6.287	3.479	-77.68	18.47	-31.65	-51.156	-4.116	-8.134	-0.76862	0.56555	-0.28055	0.10272	29.3	13111	100
2025-3-27 20:17:26.419	WT901BLE68-01(48591DE3C19B)	-0.228	-0.951	0.189	4.883	8.179	5.249	-77.67	18.53	-32.12	-51.156	-4.116	-8.134	-0.76862	0.56555	-0.28055	0.10272	29.3	13111	100
2025-3-27 20:17:26.447	WT901BLE68-01(48591DE3C19B)	-0.205	-0.951	0.189	4.883	8.179	5.249	-77.67	18.58	-32.59	-51.156	-4.116	-8.134	-0.76862	0.56555	-0.28055	0.10272	29.3	13111	100
2025-3-27 20:17:26.448	WT901BLE68-01(48591DE3C19B)	-0.205	-0.955	0.176	6.470	13.428	6.958	-77.67	18.66	-33.10	-51.156	-4.116	-8.134	-0.76862	0.56555	-0.28055	0.10272	29.3	13111	100
2025-3-27 20:17:26.448	WT901BLE68-01(48591DE3C19B)	-0.204	-0.955	0.176	6.470	13.428	6.958	-77.66	18.74	-33.61	-51.156	-4.116	-8.134	-0.76862	0.56555	-0.28055	0.10272	29.3	13111	100
2025-3-27 20:17:26.448	WT901BLE68-01(48591DE3C19B)	-0.204	-0.952	0.176	7.263	18.677	8.301	-77.67	18.84	-34.17	-51.156	-4.116	-8.134	-0.76862	0.56555	-0.28055	0.10272	29.3	13111	100
2025-3-27 20:17:26.478	WT901BLE68-01(48591DE3C19B)	-0.201	-0.952	0.176	7.263	18.677	8.301	-77.68	18.93	-34.72	-51.156	-4.116	-8.134	-0.76862	0.56555	-0.28055	0.10272	29.3	13111	100
2025-3-27 20:17:26.478	WT901BLE68-01(48591DE3C19B)	-0.201	-0.932	0.180	7.019	20.447	8.240	-77.70	19.04	-35.30	-51.156	-4.116	-8.134	-0.76862	0.56555	-0.28055	0.10272	29.3	13111	100
2025-3-27 20:17:26.478	WT901BLE68-01(48591DE3C19B)	-0.196	-0.932	0.180	7.019	20.447	8.240	-77.72	19.14	-35.87	-51.156	-4.116	-8.134	-0.76862	0.56555	-0.28055	0.10272	29.3	13111	100
2025-3-27 20:17:26.478	WT901BLE68-01(48591DE3C19B)	-0.196	-0.905	0.179	5.981	20.447	6.897	-77.75	19.22	-36.44	-51.156	-4.116	-8.134	-0.76862	0.56555	-0.28055	0.10272	29.3	13111	100
2025-3-27 20:17:26.568	WT901BLE68-01(48591DE3C19B)	-0.200	-0.905	0.179	5.981	20.447	6.897	-77.78	19.30	-37.01	-51.156	-4.116	-8.134	-0.76862	0.56555	-0.28055	0.10272	29.3	13111	100
2025-3-27 20:17:26.569	WT901BLE68-01(48591DE3C19B)	-0.200	-0.891	0.179	3.967	19.348	4.822	-77.83	19.36	-37.57	-51.156	-4.116	-8.134	-0.76862	0.56555	-0.28055	0.10272	29.3	13111	100
2025-3-27 20:17:26.569	WT901BLE68-01(48591DE3C19B)	-0.208	-0.891	0.179	3.967	19.348	4.822	-77.88	19.42	-38.13	-51.156	-4.116	-8.134	-0.76862	0.56555	-0.28055	0.10272	29.3	13111	100
2025-3-27 20:17:26.569	WT901BLE68-01(48591DE3C19B)	-0.208	-0.908	0.175	1.953	15.869	2.014	-77.94	19.45	-38.66	-51.156	-4.116	-8.134	-0.76862	0.56555	-0.28055	0.10272	29.3	13111	100
2025-3-27 20:17:26.569	WT901BLE68-01(48591DE3C19B)	-0.227	-0.908	0.175	1.953	15.869	2.014	-78.00	19.47	-39.18	-51.156	-4.116	-8.134	-0.76862	0.56555	-0.28055	0.10272	29.3	13111	100
2025-3-27 20:17:26.569	WT901BLE68-01(48591DE3C19B)	-0.227	-0.910	0.172	0.061	9.705	-1.404	-78.06	19.45	-39.64	-51.156	-4.116	-8.134	-0.76862	0.56555	-0.28055	0.10272	29.3	13111	100
2025-3-27 20:17:26.570	WT901BLE68-01(48591DE3C19B)	-0.230	-0.910	0.172	0.061	9.705	-1.404	-78.12	19.42	-40.11	-51.156	-4.116	-8.134	-0.76862	0.56555	-0.28055	0.10272	29.3	13111	100
2025-3-27 20:17:26.570	WT901BLE68-01(48591DE3C19B)	-0.230	-0.926	0.173	-3.479	0.488	-5.188	-78.19	19.34	-40.47	-47.824	-5.978	-8.036	-0.76862	0.56555	-0.28055	0.10272	29.3	13111	100
2025-3-27 20:17:26.600	WT901BLE68-01(48591DE3C19B)	-0.219	-0.926	0.173	-3.479	0.488	-5.188	-78.26	19.26	-40.85	-47.824	-5.978	-8.036	-0.76862	0.56555	-0.28055	0.10272	29.3	13111	100
2025-3-27 20:17:26.600	WT901BLE68-01(48591DE3C19B)	-0.219	-0.966	0.174	-6.409	-5.676	-9.155	-78.33	19.13	-41.15	-47.824	-5.978	-8.036	-0.76862	0.56555	-0.28055	0.10272	29.3	13111	100
2025-3-27 20:17:26.600	WT901BLE68-01(48591DE3C19B)	-0.232	-0.966	0.174	-6.409	-5.676	-9.155	-78.40	19.00	-41.47	-47.824	-5.978	-8.036	-0.76862	0.56555	-0.28055	0.10272	29.3	13111	100
2025-3-27 20:17:26.600	WT901BLE68-01(48591DE3C19B)	-0.232	-1.006	0.176	-8.240	-7.568	-13.306	-78.49	18.83	-41.76	-47.824	-5.978	-8.036	-0.76862	0.56555	-0.28055	0.10272	29.3	13111	100
2025-3-27 20:17:26.658	WT901BLE68-01(48591DE3C19B)	-0.258	-1.006	0.176	-8.240	-7.568	-13.306	-78.58	18.65	-42.06	-47.824	-5.978	-8.036	-0.76862	0.56555	-0.28055	0.10272	29.3	13111	100
2025-3-27 20:17:26.659	WT901BLE68-01(48591DE3C19B)	-0.258	-1.038	0.194	-9.583	-9.888	-17.883	-78.68	18.44	-42.34	-47.824	-5.978	-8.036	-0.76862	0.56555	-0.28055	0.10272	29.3	13111	100
2025-3-27 20:17:26.659	WT901BLE68-01(48591DE3C19B)	-0.287	-1.038	0.194	-9.583	-9.888	-17.883	-78.77	18.22	-42.61	-47.824	-5.978	-8.036	-0.76862	0.56555	-0.28055	0.10272	29.3	13111	100
2025-3-27 20:17:26.659	WT901BLE68-01(48591DE3C19B)	-0.287	-1.063	0.222	-10.315	-12.817	-22.156	-78.87	17.95	-42.86	-47.824	-5.978	-8.036	-0.76862	0.56555	-0.28055	0.10272	29.3	13111	100
2025-3-27 20:17:26.687	WT901BLE68-01(48591DE3C19B)	-0.301	-1.063	0.222	-10.315	-12.817	-22.156	-78.95	17.68	-43.11	-47.824	-5.978	-8.036	-0.76862	0.56555	-0.28055	0.10272	29.3	13111	100
2025-3-27 20:17:26.687	WT901BLE68-01(48591DE3C19B)	-0.301	-1.047	0.242	-9.521	-14.832	-25.513	-79.03	17.39	-43.35	-47.824	-5.978	-8.036	-0.76862	0.56555	-0.28055	0.10272	29.3	13111	100
2025-3-27 20:17:26.688	WT901BLE68-01(48591DE3C19B)	-0.295	-1.047	0.242	-9.521	-14.832	-25.513	-79.10	17.09	-43.57	-47.824	-5.978	-8.036	-0.76862	0.56555	-0.28055	0.10272	29.3	13111	100
2025-3-27 20:17:26.688	WT901BLE68-01(48591DE3C19B)	-0.295	-0.987	0.248	-8.240	-13.733	-27.344	-79.17	16.78	-43.81	-47.824	-5.978	-8.036	-0.76862	0.56555	-0.28055	0.10272	29.3	13111	100
2025-3-27 20:17:26.719	WT901BLE68-01(48591DE3C19B)	-0.286	-0.987	0.248	-8.240	-13.733	-27.344	-79.22	16.47	-44.06	-47.824	-5.978	-8.036	-0.76862	0.56555	-0.28055	0.10272	29.3	13111	100
2025-3-27 20:17:26.719	WT901BLE68-01(48591DE3C19B)	-0.286	-0.922	0.245	-7.751	-10.010	-28.381	-79.29	16.16	-44.34	-47.824	-5.978	-8.036	-0.76862	0.56555	-0.28055	0.10272	29.3	13111	100
2025-3-27 20:17:26.720	WT901BLE68-01(48591DE3C19B)	-0.281	-0.922	0.245	-7.751	-10.010	-28.381	-79.35	15.85	-44.61	-47.824	-5.978	-8.036	-0.76862	0.56555	-0.28055	0.10272	29.3	13111	100
2025-3-27 20:17:26.720	WT901BLE68-01(48591DE3C19B)	-0.281	-0.874	0.250	-7.935	-5.371	-29.053	-79.42	15.55	-44.93	-47.824	-5.978	-8.036	-0.76862	0.56555	-0.28055	0.10272	29.3	13111	100
2025-3-27 20:17:26.778	WT901BLE68-01(48591DE3C19B)	-0.298	-0.874	0.250	-7.935	-5.371	-29.053	-79.49	15.24	-45.25	-47.824	-5.978	-8.036	-0.76862	0.56555	-0.28055	0.10272	29.3	13111	100
2025-3-27 20:17:26.779	WT901BLE68-01(48591DE3C19B)	-0.298	-0.846	0.272	-7.813	-0.244	-29.297	-79.56	14.95	-45.62	-47.824	-5.978	-8.036	-0.73462	0.54602	-0.33807	0.21860	29.3	13111	100
2025-3-27 20:17:26.779	WT901BLE68-01(48591DE3C19B)	-0.331	-0.846	0.272	-7.813	-0.244	-29.297	-79.63	14.66	-45.98	-47.824	-5.978	-8.036	-0.73462	0.54602	-0.33807	0.21860	29.3	13111	100
2025-3-27 20:17:26.779	WT901BLE68-01(48591DE3C19B)	-0.331	-0.832	0.298	-7.690	1.404	-29.419	-79.70	14.37	-46.36	-47.824	-5.978	-8.036	-0.73462	0.54602	-0.33807	0.21860	29.3	13111	100
2025-3-27 20:17:26.809	WT901BLE68-01(48591DE3C19B)	-0.355	-0.832	0.298	-7.690	1.404	-29.419	-79.77	14.08	-46.73	-47.824	-5.978	-8.036	-0.73462	0.54602	-0.33807	0.21860	29.3	13111	100
2025-3-27 20:17:26.809	WT901BLE68-01(48591DE3C19B)	-0.355	-0.838	0.314	-7.141	0.488	-29.236	-79.82	13.80	-47.09	-47.824	-5.978	-8.036	-0.73462	0.54602	-0.33807	0.21860	29.3	13111	100
2025-3-27 20:17:26.810	WT901BLE68-01(48591DE3C19B)	-0.374	-0.838	0.314	-7.141	0.488	-29.236	-79.86	13.52	-47.46	-47.824	-5.978	-8.036	-0.73462	0.54602	-0.33807	0.21860	29.3	13111	100
2025-3-27 20:17:26.810	WT901BLE68-01(48591DE3C19B)	-0.376	-0.852	0.322	-5.188	-0.366	-28.198	-79.88	13.26	-47.80	-47.824	-5.978	-8.036	-0.73462	0.54602	-0.33807	0.21860	29.3	13111	100
2025-3-27 20:17:26.868	WT901BLE68-01(48591DE3C19B)	-0.376	-0.861	0.317	-2.502	-0.732	-26.306	-79.88	13.00	-48.14	-47.824	-5.978	-8.036	-0.73462	0.54602	-0.33807	0.21860	29.3	13111	100
2025-3-27 20:17:26.868	WT901BLE68-01(48591DE3C19B)	-0.366	-0.861	0.317	-2.502	-0.732	-26.306	-79.86	12.75	-48.48	-47.824	-5.978	-8.036	-0.73462	0.54602	-0.33807	0.21860	29.3	13111	100
2025-3-27 20:17:26.868	WT901BLE68-01(48591DE3C19B)	-0.366	-0.859	0.312	-0.366	0.427	-23.865	-79.83	12.52	-48.81	-47.824	-5.978	-8.036	-0.73462	0.54602	-0.33807	0.21860	29.3	13111	100
2025-3-27 20:17:26.868	WT901BLE68-01(48591DE3C19B)	-0.362	-0.859	0.312	-0.366	0.427	-23.865	-79.78	12.30	-49.15	-47.824	-5.978	-8.036	-0.73462	0.54602	-0.33807	0.21860	29.3	13111	100
2025-3-27 20:17:26.897	WT901BLE68-01(48591DE3C19B)	-0.362	-0.864	0.306	1.648	4.822	-21.301	-79.73	12.11	-49.51	-47.824	-5.978	-8.036	-0.73462	0.54602	-0.33807	0.21860	29.3	13111	100
2025-3-27 20:17:26.898	WT901BLE68-01(48591DE3C19B)	-0.373	-0.864	0.306	1.648	4.822	-21.301	-79.67	11.93	-49.88	-47.824	-5.978	-8.036	-0.73462	0.54602	-0.33807	0.21860	29.3	13111	100
2025-3-27 20:17:26.898	WT901BLE68-01(48591DE3C19B)	-0.373	-0.856	0.304	3.967	8.789	-17.456	-79.60	11.78	-50.27	-47.824	-5.978	-8.036	-0.73462	0.54602	-0.33807	0.21860	29.3	13111	100
2025-3-27 20:17:26.898	WT901BLE68-01(48591DE3C19B)	-0.380	-0.856	0.304	3.967	8.789	-17.456	-79.52	11.65	-50.67	-47.824	-5.978	-8.036	-0.73462	0.54602	-0.33807	0.21860	29.3	13111	100
2025-3-27 20:17:26.930	WT901BLE68-01(48591DE3C19B)	-0.380	-0.862	0.310	5.127	10.986	-13.367	-79.44	11.55	-51.08	-47.824	-5.978	-8.036	-0.73462	0.54602	-0.33807	0.21860	29.3	13111	100
2025-3-27 20:17:26.930	WT901BLE68-01(48591DE3C19B)	-0.358	-0.862	0.310	5.127	10.986	-13.367	-79.35	11.47	-51.50	-47.824	-5.978	-8.036	-0.73462	0.54602	-0.33807	0.21860	29.3	13111	100
2025-3-27 20:17:26.930	WT901BLE68-01(48591DE3C19B)	-0.358	-0.870	0.308	7.629	15.259	-9.216	-79.26	11.41	-51.93	-47.824	-5.978	-8.036	-0.73462	0.54602	-0.33807	0.21860	29.3	13111	100
2025-3-27 20:17:26.930	WT901BLE68-01(48591DE3C19B)	-0.339	-0.870	0.308	7.629	15.259	-9.216	-79.15	11.39	-52.37	-47.824	-5.978	-8.036	-0.73462	0.54602	-0.33807	0.21860	29.3	13111	100
2025-3-27 20:17:26.965	WT901BLE68-01(48591DE3C19B)	-0.339	-0.858	0.284	10.681	24.170	-5.676	-79.03	11.39	-52.86	-47.824	-5.978	-8.036	-0.73462	0.54602	-0.33807	0.21860	29.3	13111	100
2025-3-27 20:17:26.965	WT901BLE68-01(48591DE3C19B)	-0.345	-0.858	0.284	10.681	24.170	-5.676	-78.91	11.41	-53.38	-47.824	-5.978	-8.036	-0.73462	0.54602	-0.33807	0.21860	29.3	13111	100
2025-3-27 20:17:26.965	WT901BLE68-01(48591DE3C19B)	-0.345	-0.852	0.261	12.451	33.386	-2.991	-78.79	11.46	-53.94	-50.764	-3.430	-7.448	-0.73462	0.54602	-0.33807	0.21860	29.3	13111	100
2025-3-27 20:17:26.965	WT901BLE68-01(48591DE3C19B)	-0.379	-0.852	0.261	12.451	33.386	-2.991	-78.67	11.53	-54.55	-50.764	-3.430	-7.448	-0.73462	0.54602	-0.33807	0.21860	29.3	13111	100
2025-3-27 20:17:27.18	WT901BLE68-01(48591DE3C19B)	-0.379	-0.814	0.252	13.123	38.147	-1.404	-78.56	11.61	-55.17	-50.764	-3.430	-7.448	-0.73462	0.54602	-0.33807	0.21860	29.3	13111	100
2025-3-27 20:17:27.18	WT901BLE68-01(48591DE3C19B)	-0.418	-0.814	0.252	13.123	38.147	-1.404	-78.44	11.72	-55.81	-50.764	-3.430	-7.448	-0.73462	0.54602	-0.33807	0.21860	29.3	13111	100
2025-3-27 20:17:27.19	WT901BLE68-01(48591DE3C19B)	-0.418	-0.768	0.251	10.559	34.851	0.732	-78.34	11.83	-56.43	-50.764	-3.430	-7.448	-0.73462	0.54602	-0.33807	0.21860	29.3	13111	100
2025-3-27 20:17:27.19	WT901BLE68-01(48591DE3C19B)	-0.441	-0.768	0.251	10.559	34.851	0.732	-78.25	11.95	-57.04	-50.764	-3.430	-7.448	-0.73462	0.54602	-0.33807	0.21860	29.3	13111	100
2025-3-27 20:17:27.47	WT901BLE68-01(48591DE3C19B)	-0.441	-0.719	0.250	6.897	25.574	4.395	-78.17	12.08	-57.58	-50.764	-3.430	-7.448	-0.73462	0.54602	-0.33807	0.21860	29.3	13111	100
2025-3-27 20:17:27.47	WT901BLE68-01(48591DE3C19B)	-0.442	-0.719	0.250	6.897	25.574	4.395	-78.09	12.22	-58.07	-50.764	-3.430	-7.448	-0.73462	0.54602	-0.33807	0.21860	29.3	13111	100
2025-3-27 20:17:27.47	WT901BLE68-01(48591DE3C19B)	-0.442	-0.673	0.235	2.625	13.611	9.277	-78.02	12.38	-58.50	-50.764	-3.430	-7.448	-0.73462	0.54602	-0.33807	0.21860	29.3	13111	100
2025-3-27 20:17:27.47	WT901BLE68-01(48591DE3C19B)	-0.452	-0.673	0.235	2.625	13.611	9.277	-77.95	12.56	-58.86	-50.764	-3.430	-7.448	-0.73462	0.54602	-0.33807	0.21860	29.3	13111	100
2025-3-27 20:17:27.78	WT901BLE68-01(48591DE3C19B)	-0.452	-0.652	0.212	-1.587	4.028	14.221	-77.90	12.74	-59.17	-50.764	-3.430	-7.448	-0.73462	0.54602	-0.33807	0.21860	29.3	13111	100
2025-3-27 20:17:27.78	WT901BLE68-01(48591DE3C19B)	-0.480	-0.652	0.212	-1.587	4.028	14.221	-77.85	12.95	-59.43	-50.764	-3.430	-7.448	-0.73462	0.54602	-0.33807	0.21860	29.3	13111	100
2025-3-27 20:17:27.78	WT901BLE68-01(48591DE3C19B)	-0.480	-0.668	0.182	-5.798	-4.639	18.433	-77.82	13.18	-59.63	-50.764	-3.430	-7.448	-0.73462	0.54602	-0.33807	0.21860	29.3	13111	100
2025-3-27 20:17:27.78	WT901BLE68-01(48591DE3C19B)	-0.493	-0.668	0.182	-5.798	-4.639	18.433	-77.79	13.41	-59.78	-50.764	-3.430	-7.448	-0.73462	0.54602	-0.33807	0.21860	29.3	13111	100
2025-3-27 20:17:27.140	WT901BLE68-01(48591DE3C19B)	-0.493	-0.702	0.164	-9.216	-14.099	20.996	-77.78	13.66	-59.88	-50.764	-3.430	-7.448	-0.73462	0.54602	-0.33807	0.21860	29.3	13111	100
2025-3-27 20:17:27.141	WT901BLE68-01(48591DE3C19B)	-0.500	-0.702	0.164	-9.216	-14.099	20.996	-77.77	13.91	-59.93	-50.764	-3.430	-7.448	-0.73462	0.54602	-0.33807	0.21860	29.3	13111	100
2025-3-27 20:17:27.141	WT901BLE68-01(48591DE3C19B)	-0.250	-0.753	0.153	-10.559	-21.912	21.667	-77.75	14.15	-59.94	-50.764	-3.430	-7.448	-0.73462	0.54602	-0.33807	0.21860	29.3	13111	100
2025-3-27 20:17:27.141	WT901BLE68-01(48591DE3C19B)	-0.515	-0.376	0.077	-10.559	-21.912	21.667	-77.73	14.39	-59.91	-50.764	-3.430	-7.448	-0.73462	0.54602	-0.33807	0.21860	29.3	13111	100
2025-3-27 20:17:27.170	WT901BLE68-01(48591DE3C19B)	-0.515	-0.798	0.157	-9.277	-27.771	21.545	-77.70	14.63	-59.85	-50.764	-3.430	-7.448	-0.73462	0.54602	-0.33807	0.21860	29.3	13111	100
2025-3-27 20:17:27.170	WT901BLE68-01(48591DE3C19B)	-0.506	-0.798	0.157	-9.277	-27.771	21.545	-77.66	14.86	-59.76	-50.764	-3.430	-7.448	-0.73462	0.54602	-0.33807	0.21860	29.3	13111	100
2025-3-27 20:17:27.170	WT901BLE68-01(48591DE3C19B)	-0.506	-0.806	0.170	-5.493	-28.137	23.621	-77.60	15.10	-59.67	-50.764	-3.430	-7.448	-0.73462	0.54602	-0.33807	0.21860	29.3	13111	100
2025-3-27 20:17:27.170	WT901BLE68-01(48591DE3C19B)	-0.470	-0.806	0.170	-5.493	-28.137	23.621	-77.52	15.35	-59.57	-50.764	-3.430	-7.448	-0.71219	0.48672	-0.39859	0.31128	29.3	13111	100
2025-3-27 20:17:27.200	WT901BLE68-01(48591DE3C19B)	-0.470	-0.744	0.159	-1.099	-22.583	30.579	-77.42	15.64	-59.49	-50.764	-3.430	-7.448	-0.71219	0.48672	-0.39859	0.31128	29.3	13111	100
2025-3-27 20:17:27.200	WT901BLE68-01(48591DE3C19B)	-0.415	-0.744	0.159	-1.099	-22.583	30.579	-77.31	15.97	-59.43	-50.764	-3.430	-7.448	-0.71219	0.48672	-0.39859	0.31128	29.3	13111	100
2025-3-27 20:17:27.200	WT901BLE68-01(48591DE3C19B)	-0.415	-0.644	0.137	2.014	-11.353	41.443	-77.20	16.36	-59.41	-50.764	-3.430	-7.448	-0.71219	0.48672	-0.39859	0.31128	29.3	13111	100
2025-3-27 20:17:27.200	WT901BLE68-01(48591DE3C19B)	-0.361	-0.644	0.137	2.014	-11.353	41.443	-77.07	16.82	-59.44	-50.764	-3.430	-7.448	-0.71219	0.48672	-0.39859	0.31128	29.3	13111	100
2025-3-27 20:17:27.258	WT901BLE68-01(48591DE3C19B)	-0.361	-0.497	0.125	3.113	-1.526	56.824	-76.96	17.36	-59.50	-50.764	-3.430	-7.448	-0.71219	0.48672	-0.39859	0.31128	29.3	13111	100
2025-3-27 20:17:27.258	WT901BLE68-01(48591DE3C19B)	-0.320	-0.497	0.125	3.113	-1.526	56.824	-76.85	17.98	-59.60	-50.764	-3.430	-7.448	-0.71219	0.48672	-0.39859	0.31128	29.3	13111	100
2025-3-27 20:17:27.258	WT901BLE68-01(48591DE3C19B)	-0.320	-0.377	0.144	-1.221	0.244	75.195	-76.76	18.70	-59.67	-50.764	-3.430	-7.448	-0.71219	0.48672	-0.39859	0.31128	29.3	13111	100
2025-3-27 20:17:27.258	WT901BLE68-01(48591DE3C19B)	-0.310	-0.377	0.144	-1.221	0.244	75.195	-76.67	19.50	-59.73	-50.764	-3.430	-7.448	-0.71219	0.48672	-0.39859	0.31128	29.3	13111	100
2025-3-27 20:17:27.288	WT901BLE68-01(48591DE3C19B)	-0.310	-0.388	0.141	-12.756	-8.972	87.341	-76.62	20.35	-59.73	-50.764	-3.430	-7.448	-0.71219	0.48672	-0.39859	0.31128	29.3	13111	100
2025-3-27 20:17:27.288	WT901BLE68-01(48591DE3C19B)	-0.327	-0.388	0.141	-12.756	-8.972	87.341	-76.60	21.24	-59.67	-50.764	-3.430	-7.448	-0.71219	0.48672	-0.39859	0.31128	29.3	13111	100
2025-3-27 20:17:27.288	WT901BLE68-01(48591DE3C19B)	-0.327	-0.587	0.109	-24.292	-23.804	89.966	-76.64	22.12	-59.44	-50.764	-3.430	-7.448	-0.71219	0.48672	-0.39859	0.31128	29.3	13111	100
2025-3-27 20:17:27.288	WT901BLE68-01(48591DE3C19B)	-0.445	-0.587	0.109	-24.292	-23.804	89.966	-76.67	22.99	-59.22	-50.764	-3.430	-7.448	-0.71219	0.48672	-0.39859	0.31128	29.3	13111	100
2025-3-27 20:17:27.317	WT901BLE68-01(48591DE3C19B)	-0.445	-0.903	0.108	-30.640	-45.715	80.750	-76.68	23.71	-58.79	-50.764	-3.430	-7.448	-0.71219	0.48672	-0.39859	0.31128	29.3	13111	100
2025-3-27 20:17:27.318	WT901BLE68-01(48591DE3C19B)	-0.619	-0.903	0.108	-30.640	-45.715	80.750	-76.69	24.43	-58.35	-50.764	-3.430	-7.448	-0.71219	0.48672	-0.39859	0.31128	29.3	13111	100
2025-3-27 20:17:27.318	WT901BLE68-01(48591DE3C19B)	-0.619	-1.457	0.101	-39.001	-82.336	69.153	-76.64	24.94	-57.56	-50.764	-3.430	-7.448	-0.71219	0.48672	-0.39859	0.31128	29.3	13111	100
2025-3-27 20:17:27.318	WT901BLE68-01(48591DE3C19B)	-0.623	-1.457	0.101	-39.001	-82.336	69.153	-76.59	25.46	-56.76	-50.764	-3.430	-7.448	-0.71219	0.48672	-0.39859	0.31128	29.3	13111	100
2025-3-27 20:17:27.378	WT901BLE68-01(48591DE3C19B)	-0.623	-2.048	0.063	-30.945	-114.990	57.251	-76.32	25.76	-55.65	-50.764	-3.430	-7.448	-0.71219	0.48672	-0.39859	0.31128	29.3	13111	100
2025-3-27 20:17:27.379	WT901BLE68-01(48591DE3C19B)	-0.526	-2.048	0.063	-30.945	-114.990	57.251	-76.06	26.05	-54.53	-50.764	-3.430	-7.448	-0.71219	0.48672	-0.39859	0.31128	29.3	13111	100
2025-3-27 20:17:27.379	WT901BLE68-01(48591DE3C19B)	-0.526	-2.255	0.066	-3.052	-117.432	54.565	-75.53	26.29	-53.40	-50.764	-3.430	-7.448	-0.71219	0.48672	-0.39859	0.31128	29.3	13111	100
2025-3-27 20:17:27.379	WT901BLE68-01(48591DE3C19B)	-0.321	-2.255	0.066	-3.052	-117.432	54.565	-74.99	26.51	-52.28	-50.764	-3.430	-7.448	-0.71219	0.48672	-0.39859	0.31128	29.3	13111	100
2025-3-27 20:17:27.411	WT901BLE68-01(48591DE3C19B)	-0.321	-1.908	0.093	20.874	-96.802	57.861	-74.32	26.80	-51.37	-42.238	-7.350	-7.644	-0.71219	0.48672	-0.39859	0.31128	29.3	13111	100
2025-3-27 20:17:27.411	WT901BLE68-01(48591DE3C19B)	0.006	-1.908	0.093	20.874	-96.802	57.861	-73.65	27.07	-50.46	-42.238	-7.350	-7.644	-0.71219	0.48672	-0.39859	0.31128	29.3	13111	100
2025-3-27 20:17:27.411	WT901BLE68-01(48591DE3C19B)	0.006	-1.645	0.077	20.508	-58.167	60.181	-73.17	27.45	-49.96	-42.238	-7.350	-7.644	-0.71219	0.48672	-0.39859	0.31128	29.3	13111	100
2025-3-27 20:17:27.411	WT901BLE68-01(48591DE3C19B)	0.249	-1.645	0.077	20.508	-58.167	60.181	-72.69	27.82	-49.47	-42.238	-7.350	-7.644	-0.71219	0.48672	-0.39859	0.31128	29.3	13111	100
2025-3-27 20:17:27.468	WT901BLE68-01(48591DE3C19B)	0.249	-1.452	0.035	22.766	-2.502	62.378	-72.48	28.36	-49.56	-42.238	-7.350	-7.644	-0.71219	0.48672	-0.39859	0.31128	29.3	13111	100
2025-3-27 20:17:27.468	WT901BLE68-01(48591DE3C19B)	0.339	-1.452	0.035	22.766	-2.502	62.378	-72.27	28.88	-49.66	-42.238	-7.350	-7.644	-0.71219	0.48672	-0.39859	0.31128	29.3	13111	100
2025-3-27 20:17:27.468	WT901BLE68-01(48591DE3C19B)	0.339	-1.200	0.026	18.799	57.312	52.917	-72.44	29.49	-50.44	-42.238	-7.350	-7.644	-0.71219	0.48672	-0.39859	0.31128	29.3	13111	100
2025-3-27 20:17:27.468	WT901BLE68-01(48591DE3C19B)	0.215	-1.200	0.026	18.799	57.312	52.917	-72.63	30.08	-51.23	-42.238	-7.350	-7.644	-0.71219	0.48672	-0.39859	0.31128	29.3	13111	100
2025-3-27 20:17:27.499	WT901BLE68-01(48591DE3C19B)	0.215	-1.081	0.055	15.869	104.492	29.419	-73.16	30.56	-52.63	-42.238	-7.350	-7.644	-0.71219	0.48672	-0.39859	0.31128	29.3	13111	100
2025-3-27 20:17:27.499	WT901BLE68-01(48591DE3C19B)	0.028	-1.081	0.055	15.869	104.492	29.419	-73.71	31.03	-54.04	-42.238	-7.350	-7.644	-0.71219	0.48672	-0.39859	0.31128	29.3	13111	100
2025-3-27 20:17:27.499	WT901BLE68-01(48591DE3C19B)	0.028	-0.956	0.083	11.292	114.807	7.874	-74.40	31.29	-55.62	-42.238	-7.350	-7.644	-0.71219	0.48672	-0.39859	0.31128	29.3	13111	100
2025-3-27 20:17:27.499	WT901BLE68-01(48591DE3C19B)	-0.058	-0.956	0.083	11.292	114.807	7.874	-75.11	31.54	-57.22	-42.238	-7.350	-7.644	-0.71219	0.48672	-0.39859	0.31128	29.3	13111	100
2025-3-27 20:17:27.530	WT901BLE68-01(48591DE3C19B)	-0.058	-0.818	0.051	9.277	109.070	-9.827	-75.82	31.58	-58.79	-42.238	-7.350	-7.644	-0.71219	0.48672	-0.39859	0.31128	29.3	13111	100
2025-3-27 20:17:27.530	WT901BLE68-01(48591DE3C19B)	-0.057	-0.818	0.051	9.277	109.070	-9.827	-76.54	31.61	-60.35	-42.238	-7.350	-7.644	-0.71219	0.48672	-0.39859	0.31128	29.3	13111	100
2025-3-27 20:17:27.530	WT901BLE68-01(48591DE3C19B)	-0.057	-0.691	0.012	9.094	107.727	-21.790	-77.25	31.50	-61.93	-42.238	-7.350	-7.644	-0.71219	0.48672	-0.39859	0.31128	29.3	13111	100
2025-3-27 20:17:27.530	WT901BLE68-01(48591DE3C19B)	-0.152	-0.691	0.012	9.094	107.727	-21.790	-77.95	31.38	-63.48	-42.238	-7.350	-7.644	-0.71219	0.48672	-0.39859	0.31128	29.3	13111	100
2025-3-27 20:17:27.588	WT901BLE68-01(48591DE3C19B)	-0.152	-0.618	0.020	13.367	89.661	-29.968	-78.51	31.13	-64.84	-42.238	-7.350	-7.644	-0.71219	0.48672	-0.39859	0.31128	29.3	13111	100
2025-3-27 20:17:27.589	WT901BLE68-01(48591DE3C19B)	-0.155	-0.618	0.020	13.367	89.661	-29.968	-79.05	30.87	-66.18	-42.238	-7.350	-7.644	-0.71365	0.40182	-0.50772	0.26709	29.3	13111	100
2025-3-27 20:17:27.589	WT901BLE68-01(48591DE3C19B)	-0.155	-0.537	0.064	12.695	43.396	-36.682	-79.32	30.46	-67.00	-42.238	-7.350	-7.644	-0.71365	0.40182	-0.50772	0.26709	29.3	13111	100
2025-3-27 20:17:27.589	WT901BLE68-01(48591DE3C19B)	-0.060	-0.537	0.064	12.695	43.396	-36.682	-79.57	30.05	-67.80	-42.238	-7.350	-7.644	-0.71365	0.40182	-0.50772	0.26709	29.3	13111	100
2025-3-27 20:17:27.618	WT901BLE68-01(48591DE3C19B)	-0.060	-0.444	0.111	16.846	6.409	-38.330	-79.57	29.56	-68.18	-42.238	-7.350	-7.644	-0.71365	0.40182	-0.50772	0.26709	29.3	13111	100
2025-3-27 20:17:27.618	WT901BLE68-01(48591DE3C19B)	0.015	-0.444	0.111	16.846	6.409	-38.330	-79.56	29.07	-68.55	-42.238	-7.350	-7.644	-0.71365	0.40182	-0.50772	0.26709	29.3	13111	100
2025-3-27 20:17:27.618	WT901BLE68-01(48591DE3C19B)	0.015	-0.340	0.120	22.339	-10.864	-37.781	-79.39	28.55	-68.72	-42.238	-7.350	-7.644	-0.71365	0.40182	-0.50772	0.26709	29.3	13111	100
2025-3-27 20:17:27.618	WT901BLE68-01(48591DE3C19B)	0.027	-0.340	0.120	22.339	-10.864	-37.781	-79.23	28.04	-68.90	-42.238	-7.350	-7.644	-0.71365	0.40182	-0.50772	0.26709	29.3	13111	100
2025-3-27 20:17:27.678	WT901BLE68-01(48591DE3C19B)	0.027	-0.260	0.112	26.367	-17.578	-35.522	-78.98	27.53	-69.00	-42.238	-7.350	-7.644	-0.71365	0.40182	-0.50772	0.26709	29.3	13111	100
2025-3-27 20:17:27.679	WT901BLE68-01(48591DE3C19B)	-0.007	-0.260	0.112	26.367	-17.578	-35.522	-78.73	27.03	-69.10	-42.238	-7.350	-7.644	-0.71365	0.40182	-0.50772	0.26709	29.3	13111	100
2025-3-27 20:17:27.679	WT901BLE68-01(48591DE3C19B)	-0.007	-0.279	0.081	25.208	-17.639	-36.743	-78.50	26.51	-69.20	-42.238	-7.350	-7.644	-0.71365	0.40182	-0.50772	0.26709	29.3	13111	100
2025-3-27 20:17:27.679	WT901BLE68-01(48591DE3C19B)	-0.070	-0.279	0.081	25.208	-17.639	-36.743	-78.26	25.99	-69.31	-42.238	-7.350	-7.644	-0.71365	0.40182	-0.50772	0.26709	29.3	13111	100
2025-3-27 20:17:27.708	WT901BLE68-01(48591DE3C19B)	-0.070	-0.469	0.037	19.592	-7.080	-41.626	-78.13	25.46	-69.54	-42.238	-7.350	-7.644	-0.71365	0.40182	-0.50772	0.26709	29.3	13111	100
2025-3-27 20:17:27.708	WT901BLE68-01(48591DE3C19B)	-0.199	-0.469	0.037	19.592	-7.080	-41.626	-78.01	24.92	-69.77	-42.238	-7.350	-7.644	-0.71365	0.40182	-0.50772	0.26709	29.3	13111	100
2025-3-27 20:17:27.708	WT901BLE68-01(48591DE3C19B)	-0.199	-0.786	0.008	13.855	8.850	-52.246	-78.03	24.33	-70.19	-42.238	-7.350	-7.644	-0.71365	0.40182	-0.50772	0.26709	29.3	13111	100
2025-3-27 20:17:27.708	WT901BLE68-01(48591DE3C19B)	-0.524	-0.786	0.008	13.855	8.850	-52.246	-78.05	23.75	-70.61	-42.238	-7.350	-7.644	-0.71365	0.40182	-0.50772	0.26709	29.3	13111	100
2025-3-27 20:17:27.741	WT901BLE68-01(48591DE3C19B)	-0.524	-1.308	0.061	12.146	18.433	-82.275	-78.14	22.91	-71.18	-42.238	-7.350	-7.644	-0.71365	0.40182	-0.50772	0.26709	29.3	13111	100
2025-3-27 20:17:27.741	WT901BLE68-01(48591DE3C19B)	-1.054	-1.308	0.061	12.146	18.433	-82.275	-78.22	22.09	-71.75	-42.238	-7.350	-7.644	-0.71365	0.40182	-0.50772	0.26709	29.3	13111	100
2025-3-27 20:17:27.741	WT901BLE68-01(48591DE3C19B)	-1.399	-1.926	0.252	22.949	-1.160	-128.784	-78.14	20.80	-72.21	-42.238	-7.350	-7.644	-0.71365	0.40182	-0.50772	0.26709	29.3	13111	100
2025-3-27 20:17:27.741	WT901BLE68-01(48591DE3C19B)	-1.399	-2.247	0.500	28.625	-24.109	-157.715	-77.98	19.38	-72.57	-42.238	-7.350	-7.644	-0.71365	0.40182	-0.50772	0.26709	29.3	13111	100
2025-3-27 20:17:27.770	WT901BLE68-01(48591DE3C19B)	-1.327	-2.247	0.500	28.625	-24.109	-157.715	-77.75	17.81	-72.86	-42.238	-7.350	-7.644	-0.71365	0.40182	-0.50772	0.26709	29.3	13111	100
2025-3-27 20:17:27.771	WT901BLE68-01(48591DE3C19B)	-1.327	-1.894	0.534	38.086	24.536	-150.391	-77.53	16.35	-73.38	-42.238	-7.350	-7.644	-0.71365	0.40182	-0.50772	0.26709	29.3	13111	100
2025-3-27 20:17:27.771	WT901BLE68-01(48591DE3C19B)	-0.915	-1.894	0.534	38.086	24.536	-150.391	-77.31	15.00	-74.15	-33.418	-12.544	-4.704	-0.71365	0.40182	-0.50772	0.26709	29.3	13111	100
2025-3-27 20:17:27.771	WT901BLE68-01(48591DE3C19B)	-0.915	-1.376	0.374	40.039	114.014	-109.436	-77.16	13.96	-75.32	-33.418	-12.544	-4.704	-0.71365	0.40182	-0.50772	0.26709	29.3	13111	100
2025-3-27 20:17:27.828	WT901BLE68-01(48591DE3C19B)	-0.691	-1.376	0.374	40.039	114.014	-109.436	-77.07	13.23	-76.88	-33.418	-12.544	-4.704	-0.71365	0.40182	-0.50772	0.26709	29.3	13111	100
2025-3-27 20:17:27.829	WT901BLE68-01(48591DE3C19B)	-0.691	-0.870	0.354	36.560	152.039	-75.745	-77.02	12.72	-78.58	-33.418	-12.544	-4.704	-0.71365	0.40182	-0.50772	0.26709	29.3	13111	100
2025-3-27 20:17:27.829	WT901BLE68-01(48591DE3C19B)	-0.471	-0.870	0.354	36.560	152.039	-75.745	-77.00	12.41	-80.41	-33.418	-12.544	-4.704	-0.71365	0.40182	-0.50772	0.26709	29.3	13111	100
2025-3-27 20:17:27.829	WT901BLE68-01(48591DE3C19B)	-0.471	-0.451	0.367	14.404	112.549	-30.212	-77.04	12.29	-81.99	-33.418	-12.544	-4.704	-0.71365	0.40182	-0.50772	0.26709	29.3	13111	100
2025-3-27 20:17:27.858	WT901BLE68-01(48591DE3C19B)	-0.714	-0.451	0.367	14.404	112.549	-30.212	-77.12	12.35	-83.31	-33.418	-12.544	-4.704	-0.71365	0.40182	-0.50772	0.26709	29.3	13111	100
2025-3-27 20:17:27.858	WT901BLE68-01(48591DE3C19B)	-0.714	-0.577	0.352	-18.555	45.105	-3.845	-77.28	12.46	-84.27	-33.418	-12.544	-4.704	-0.71365	0.40182	-0.50772	0.26709	29.3	13111	100
2025-3-27 20:17:27.858	WT901BLE68-01(48591DE3C19B)	-0.911	-0.577	0.352	-18.555	45.105	-3.845	-77.52	12.63	-84.85	-33.418	-12.544	-4.704	-0.71365	0.40182	-0.50772	0.26709	29.3	13111	100
2025-3-27 20:17:27.858	WT901BLE68-01(48591DE3C19B)	-0.911	-0.824	0.262	-32.471	-38.513	22.278	-77.73	12.85	-84.99	-33.418	-12.544	-4.704	-0.71365	0.40182	-0.50772	0.26709	29.3	13111	100
2025-3-27 20:17:27.887	WT901BLE68-01(48591DE3C19B)	-0.839	-0.824	0.262	-32.471	-38.513	22.278	-77.90	13.10	-84.68	-33.418	-12.544	-4.704	-0.71365	0.40182	-0.50772	0.26709	29.3	13111	100
2025-3-27 20:17:27.888	WT901BLE68-01(48591DE3C19B)	-0.839	-0.773	0.204	-30.945	-87.036	35.706	-78.00	13.38	-84.12	-33.418	-12.544	-4.704	-0.71365	0.40182	-0.50772	0.26709	29.3	13111	100
2025-3-27 20:17:27.888	WT901BLE68-01(48591DE3C19B)	-0.735	-0.773	0.204	-30.945	-87.036	35.706	-78.04	13.68	-83.31	-33.418	-12.544	-4.704	-0.71365	0.40182	-0.50772	0.26709	29.3	13111	100
2025-3-27 20:17:27.888	WT901BLE68-01(48591DE3C19B)	-0.735	-0.591	0.271	-24.658	-77.942	37.292	-78.04	14.00	-82.54	-33.418	-12.544	-4.704	-0.71365	0.40182	-0.50772	0.26709	29.3	13111	100
2025-3-27 20:17:27.950	WT901BLE68-01(48591DE3C19B)	-0.755	-0.591	0.271	-24.658	-77.942	37.292	-78.01	14.34	-81.83	-33.418	-12.544	-4.704	-0.71365	0.40182	-0.50772	0.26709	29.3	13111	100
2025-3-27 20:17:27.950	WT901BLE68-01(48591DE3C19B)	-0.755	-0.400	0.263	-15.015	-14.282	48.767	-78.00	14.79	-81.44	-33.418	-12.544	-4.704	-0.71365	0.40182	-0.50772	0.26709	29.3	13111	100
2025-3-27 20:17:27.950	WT901BLE68-01(48591DE3C19B)	-0.734	-0.400	0.263	-15.015	-14.282	48.767	-78.00	15.38	-81.36	-33.418	-12.544	-4.704	-0.71365	0.40182	-0.50772	0.26709	29.3	13111	100
2025-3-27 20:17:27.950	WT901BLE68-01(48591DE3C19B)	-0.734	-0.157	0.233	-3.906	22.461	76.782	-77.99	16.14	-81.46	-33.418	-12.544	-4.704	-0.71365	0.40182	-0.50772	0.26709	29.3	13111	100
2025-3-27 20:17:27.980	WT901BLE68-01(48591DE3C19B)	-0.638	-0.157	0.233	-3.906	22.461	76.782	-77.94	17.08	-81.72	-33.418	-12.544	-4.704	-0.71365	0.40182	-0.50772	0.26709	29.3	13111	100
2025-3-27 20:17:27.980	WT901BLE68-01(48591DE3C19B)	-0.638	0.036	0.241	-5.798	17.334	96.313	-77.88	18.11	-81.96	-33.418	-12.544	-4.704	-0.71365	0.40182	-0.50772	0.26709	29.3	13111	100
2025-3-27 20:17:27.980	WT901BLE68-01(48591DE3C19B)	-0.510	0.036	0.241	-5.798	17.334	96.313	-77.80	19.23	-82.18	-33.418	-12.544	-4.704	-0.71365	0.40182	-0.50772	0.26709	29.3	13111	100
2025-3-27 20:17:27.980	WT901BLE68-01(48591DE3C19B)	-0.510	0.123	0.237	-18.555	-17.639	101.563	-77.69	20.33	-82.23	-33.418	-12.544	-4.704	-0.65213	0.37183	-0.51147	0.41803	29.3	13111	100
2025-3-27 20:17:28.10	WT901BLE68-01(48591DE3C19B)	-0.463	0.123	0.237	-18.555	-17.639	101.563	-77.55	21.41	-82.12	-33.418	-12.544	-4.704	-0.65213	0.37183	-0.51147	0.41803	29.3	13111	100
2025-3-27 20:17:28.10	WT901BLE68-01(48591DE3C19B)	-0.463	-0.047	0.169	-36.987	-63.477	111.023	-77.38	22.47	-81.78	-33.418	-12.544	-4.704	-0.65213	0.37183	-0.51147	0.41803	29.3	13111	100
2025-3-27 20:17:28.10	WT901BLE68-01(48591DE3C19B)	-0.420	-0.047	0.169	-36.987	-63.477	111.023	-77.18	23.52	-81.19	-33.418	-12.544	-4.704	-0.65213	0.37183	-0.51147	0.41803	29.3	13111	100
2025-3-27 20:17:28.10	WT901BLE68-01(48591DE3C19B)	-0.420	-0.411	0.064	-54.260	-109.314	114.624	-76.94	24.52	-80.35	-33.418	-12.544	-4.704	-0.65213	0.37183	-0.51147	0.41803	29.3	13111	100
2025-3-27 20:17:28.68	WT901BLE68-01(48591DE3C19B)	-0.367	-0.411	0.064	-54.260	-109.314	114.624	-76.67	25.48	-79.25	-33.418	-12.544	-4.704	-0.65213	0.37183	-0.51147	0.41803	29.3	13111	100
2025-3-27 20:17:28.68	WT901BLE68-01(48591DE3C19B)	-0.367	-0.974	-0.022	-72.998	-140.869	114.014	-76.42	26.40	-77.96	-33.418	-12.544	-4.704	-0.65213	0.37183	-0.51147	0.41803	29.3	13111	100
2025-3-27 20:17:28.68	WT901BLE68-01(48591DE3C19B)	-0.331	-0.974	-0.022	-72.998	-140.869	114.014	-76.20	27.27	-76.45	-33.418	-12.544	-4.704	-0.65213	0.37183	-0.51147	0.41803	29.3	13111	100
2025-3-27 20:17:28.68	WT901BLE68-01(48591DE3C19B)	-0.331	-1.969	-0.250	-92.834	-151.367	90.942	-76.08	28.01	-74.87	-33.418	-12.544	-4.704	-0.65213	0.37183	-0.51147	0.41803	29.3	13111	100
2025-3-27 20:17:28.97	WT901BLE68-01(48591DE3C19B)	-0.166	-1.969	-0.250	-92.834	-151.367	90.942	-76.10	28.59	-73.19	-33.418	-12.544	-4.704	-0.65213	0.37183	-0.51147	0.41803	29.3	13111	100
2025-3-27 20:17:28.97	WT901BLE68-01(48591DE3C19B)	-0.665	-3.124	-0.309	-36.072	-118.896	70.129	-75.95	29.08	-71.68	-33.418	-12.544	-4.704	-0.65213	0.37183	-0.51147	0.41803	29.3	13111	100
2025-3-27 20:17:28.97	WT901BLE68-01(48591DE3C19B)	-0.310	-12.497	-1.238	-36.072	-118.896	70.129	-75.67	29.43	-70.36	-33.418	-12.544	-4.704	-0.65213	0.37183	-0.51147	0.41803	29.3	13111	100
2025-3-27 20:17:28.97	WT901BLE68-01(48591DE3C19B)	-0.310	-2.693	0.093	55.481	-74.341	60.242	-75.09	29.75	-69.30	-33.418	-12.544	-4.704	-0.65213	0.37183	-0.51147	0.41803	29.3	13111	100
2025-3-27 20:17:28.128	WT901BLE68-01(48591DE3C19B)	-0.159	-2.693	0.093	55.481	-74.341	60.242	-74.16	30.05	-68.50	-33.418	-12.544	-4.704	-0.65213	0.37183	-0.51147	0.41803	29.3	13111	100
2025-3-27 20:17:28.128	WT901BLE68-01(48591DE3C19B)	-0.159	-1.909	0.246	43.518	-22.156	48.767	-73.46	30.36	-68.01	-33.418	-12.544	-4.704	-0.65213	0.37183	-0.51147	0.41803	29.3	13111	100
2025-3-27 20:17:28.128	WT901BLE68-01(48591DE3C19B)	0.047	-1.909	0.246	43.518	-22.156	48.767	-72.96	30.68	-67.83	-33.418	-12.544	-4.704	-0.65213	0.37183	-0.51147	0.41803	29.3	13111	100
2025-3-27 20:17:28.128	WT901BLE68-01(48591DE3C19B)	0.047	-1.535	0.220	44.373	58.838	57.190	-72.69	31.15	-68.09	-33.418	-12.544	-4.704	-0.65213	0.37183	-0.51147	0.41803	29.3	13111	100
2025-3-27 20:17:28.188	WT901BLE68-01(48591DE3C19B)	0.142	-1.535	0.220	44.373	58.838	57.190	-72.63	31.77	-68.78	-33.418	-12.544	-4.704	-0.65213	0.37183	-0.51147	0.41803	29.3	13111	100
2025-3-27 20:17:28.189	WT901BLE68-01(48591DE3C19B)	0.142	-1.113	0.193	36.987	110.657	60.547	-72.77	32.48	-69.76	-33.418	-12.544	-4.704	-0.65213	0.37183	-0.51147	0.41803	29.3	13111	100
2025-3-27 20:17:28.189	WT901BLE68-01(48591DE3C19B)	0.196	-1.113	0.193	36.987	110.657	60.547	-73.11	33.26	-71.04	-33.418	-12.544	-4.704	-0.65213	0.37183	-0.51147	0.41803	29.3	13111	100
2025-3-27 20:17:28.189	WT901BLE68-01(48591DE3C19B)	0.196	-0.754	0.201	21.606	113.647	39.612	-73.59	33.93	-72.38	-33.418	-12.544	-4.704	-0.65213	0.37183	-0.51147	0.41803	29.3	13111	100
2025-3-27 20:17:28.248	WT901BLE68-01(48591DE3C19B)	0.128	-0.754	0.201	21.606	113.647	39.612	-74.17	34.48	-73.78	-40.474	-24.500	-6.958	-0.65213	0.37183	-0.51147	0.41803	29.3	13111	100
2025-3-27 20:17:28.248	WT901BLE68-01(48591DE3C19B)	0.128	-0.566	0.187	3.845	95.337	17.029	-74.87	34.74	-75.05	-40.474	-24.500	-6.958	-0.65213	0.37183	-0.51147	0.41803	29.3	13111	100
2025-3-27 20:17:28.248	WT901BLE68-01(48591DE3C19B)	0.075	-0.566	0.187	3.845	95.337	17.029	-75.57	34.99	-76.32	-40.474	-24.500	-6.958	-0.65213	0.37183	-0.51147	0.41803	29.3	13111	100
2025-3-27 20:17:28.248	WT901BLE68-01(48591DE3C19B)	0.075	-0.458	0.153	-1.709	85.693	7.813	-76.27	35.11	-77.51	-40.474	-24.500	-6.958	-0.65213	0.37183	-0.51147	0.41803	29.3	13111	100
2025-3-27 20:17:28.250	WT901BLE68-01(48591DE3C19B)	-0.018	-0.458	0.153	-1.709	85.693	7.813	-76.97	35.22	-78.69	-40.474	-24.500	-6.958	-0.65213	0.37183	-0.51147	0.41803	29.3	13111	100
2025-3-27 20:17:28.250	WT901BLE68-01(48591DE3C19B)	-0.018	-0.369	0.103	-2.686	82.031	-2.197	-77.66	35.20	-79.85	-40.474	-24.500	-6.958	-0.65213	0.37183	-0.51147	0.41803	29.3	13111	100
2025-3-27 20:17:28.250	WT901BLE68-01(48591DE3C19B)	-0.131	-0.369	0.103	-2.686	82.031	-2.197	-78.35	35.17	-81.01	-40.474	-24.500	-6.958	-0.65213	0.37183	-0.51147	0.41803	29.3	13111	100
2025-3-27 20:17:28.250	WT901BLE68-01(48591DE3C19B)	-0.131	-0.347	0.094	1.465	55.481	-9.399	-78.81	35.01	-81.85	-40.474	-24.500	-6.958	-0.65213	0.37183	-0.51147	0.41803	29.3	13111	100
2025-3-27 20:17:28.309	WT901BLE68-01(48591DE3C19B)	-0.070	-0.347	0.094	1.465	55.481	-9.399	-79.26	34.85	-82.69	-40.474	-24.500	-6.958	-0.65213	0.37183	-0.51147	0.41803	29.3	13111	100
2025-3-27 20:17:28.309	WT901BLE68-01(48591DE3C19B)	-0.070	-0.335	0.095	4.395	13.062	-9.705	-79.39	34.61	-83.02	-40.474	-24.500	-6.958	-0.65213	0.37183	-0.51147	0.41803	29.3	13111	100
2025-3-27 20:17:28.309	WT901BLE68-01(48591DE3C19B)	0.003	-0.335	0.095	4.395	13.062	-9.705	-79.50	34.38	-83.35	-40.474	-24.500	-6.958	-0.65213	0.37183	-0.51147	0.41803	29.3	13111	100
2025-3-27 20:17:28.309	WT901BLE68-01(48591DE3C19B)	0.003	-0.375	0.097	6.836	-6.653	-12.024	-79.46	34.07	-83.44	-40.474	-24.500	-6.958	-0.65213	0.37183	-0.51147	0.41803	29.3	13111	100
2025-3-27 20:17:28.340	WT901BLE68-01(48591DE3C19B)	-0.089	-0.375	0.097	6.836	-6.653	-12.024	-79.43	33.78	-83.53	-40.474	-24.500	-6.958	-0.65213	0.37183	-0.51147	0.41803	29.3	13111	100
2025-3-27 20:17:28.340	WT901BLE68-01(48591DE3C19B)	-0.089	-0.522	0.056	10.498	-9.399	-17.822	-79.34	33.42	-83.61	-40.474	-24.500	-6.958	-0.65213	0.37183	-0.51147	0.41803	29.3	13111	100
2025-3-27 20:17:28.340	WT901BLE68-01(48591DE3C19B)	-0.213	-0.522	0.056	10.498	-9.399	-17.822	-79.26	33.07	-83.68	-40.474	-24.500	-6.958	-0.65213	0.37183	-0.51147	0.41803	29.3	13111	100
2025-3-27 20:17:28.340	WT901BLE68-01(48591DE3C19B)	-0.213	-0.710	0.003	13.550	-14.465	-26.794	-79.12	32.62	-83.72	-40.474	-24.500	-6.958	-0.65213	0.37183	-0.51147	0.41803	29.3	13111	100
2025-3-27 20:17:28.370	WT901BLE68-01(48591DE3C19B)	-0.218	-0.710	0.003	13.550	-14.465	-26.794	-78.99	32.20	-83.75	-40.474	-24.500	-6.958	-0.65213	0.37183	-0.51147	0.41803	29.3	13111	100
2025-3-27 20:17:28.370	WT901BLE68-01(48591DE3C19B)	-0.218	-0.872	0.033	18.555	-18.982	-41.016	-78.80	31.62	-83.77	-40.474	-24.500	-6.958	-0.65213	0.37183	-0.51147	0.41803	29.3	13111	100
2025-3-27 20:17:28.370	WT901BLE68-01(48591DE3C19B)	-0.207	-0.872	0.033	18.555	-18.982	-41.016	-78.62	31.05	-83.78	-40.474	-24.500	-6.958	-0.66818	0.31604	-0.56171	0.37149	29.3	13111	100
2025-3-27 20:17:28.370	WT901BLE68-01(48591DE3C19B)	-0.207	-1.107	0.093	27.100	1.404	-69.580	-78.50	30.26	-84.09	-40.474	-24.500	-6.958	-0.66818	0.31604	-0.56171	0.37149	29.3	13111	100
2025-3-27 20:17:28.428	WT901BLE68-01(48591DE3C19B)	-0.309	-1.107	0.093	27.100	1.404	-69.580	-78.38	29.46	-84.40	-40.474	-24.500	-6.958	-0.66818	0.31604	-0.56171	0.37149	29.3	13111	100
2025-3-27 20:17:28.428	WT901BLE68-01(48591DE3C19B)	-0.309	-1.521	0.026	41.748	47.729	-112.488	-78.41	28.35	-85.32	-40.474	-24.500	-6.958	-0.66818	0.31604	-0.56171	0.37149	29.3	13111	100
2025-3-27 20:17:28.428	WT901BLE68-01(48591DE3C19B)	-0.600	-1.521	0.026	41.748	47.729	-112.488	-78.43	27.25	-86.22	-40.474	-24.500	-6.958	-0.66818	0.31604	-0.56171	0.37149	29.3	13111	100
2025-3-27 20:17:28.428	WT901BLE68-01(48591DE3C19B)	-0.600	-1.816	0.096	51.941	97.595	-156.128	-78.61	25.83	-87.75	-40.474	-24.500	-6.958	-0.66818	0.31604	-0.56171	0.37149	29.3	13111	100
2025-3-27 20:17:28.457	WT901BLE68-01(48591DE3C19B)	-1.349	-1.816	0.096	51.941	97.595	-156.128	-78.73	24.42	-89.24	-40.474	-24.500	-6.958	-0.66818	0.31604	-0.56171	0.37149	29.3	13111	100
2025-3-27 20:17:28.457	WT901BLE68-01(48591DE3C19B)	-1.349	-1.755	0.317	56.824	122.925	-171.265	-78.89	22.93	-91.00	-40.474	-24.500	-6.958	-0.66818	0.31604	-0.56171	0.37149	29.3	13111	100
2025-3-27 20:17:28.457	WT901BLE68-01(48591DE3C19B)	-1.557	-1.755	0.317	56.824	122.925	-171.265	-78.99	21.48	-92.74	-40.474	-24.500	-6.958	-0.66818	0.31604	-0.56171	0.37149	29.3	13111	100
2025-3-27 20:17:28.457	WT901BLE68-01(48591DE3C19B)	-1.557	-1.441	0.551	61.401	123.535	-164.551	-78.98	20.12	-94.47	-40.474	-24.500	-6.958	-0.66818	0.31604	-0.56171	0.37149	29.3	13111	100
2025-3-27 20:17:28.488	WT901BLE68-01(48591DE3C19B)	-1.242	-1.441	0.551	61.401	123.535	-164.551	-78.91	18.79	-96.19	-40.474	-24.500	-6.958	-0.66818	0.31604	-0.56171	0.37149	29.3	13111	100
2025-3-27 20:17:28.488	WT901BLE68-01(48591DE3C19B)	-1.242	-1.111	0.656	51.941	113.220	-129.456	-78.83	17.80	-97.73	-40.474	-24.500	-6.958	-0.66818	0.31604	-0.56171	0.37149	29.3	13111	100
2025-3-27 20:17:28.489	WT901BLE68-01(48591DE3C19B)	-0.969	-1.111	0.656	51.941	113.220	-129.456	-78.71	16.83	-99.28	-40.474	-24.500	-6.958	-0.66818	0.31604	-0.56171	0.37149	29.3	13111	100
2025-3-27 20:17:28.489	WT901BLE68-01(48591DE3C19B)	-0.969	-0.843	0.429	37.170	86.426	-87.219	-78.61	16.23	-100.48	-40.474	-24.500	-6.958	-0.66818	0.31604	-0.56171	0.37149	29.3	13111	100
2025-3-27 20:17:28.549	WT901BLE68-01(48591DE3C19B)	-0.934	-0.843	0.429	37.170	86.426	-87.219	-78.49	15.64	-101.68	-40.474	-24.500	-6.958	-0.66818	0.31604	-0.56171	0.37149	29.3	13111	100
2025-3-27 20:17:28.549	WT901BLE68-01(48591DE3C19B)	-0.934	-0.610	0.188	13.672	8.911	-52.673	-78.36	15.25	-102.04	-40.474	-24.500	-6.958	-0.66818	0.31604	-0.56171	0.37149	29.3	13111	100
2025-3-27 20:17:28.549	WT901BLE68-01(48591DE3C19B)	-0.830	-0.610	0.188	13.672	8.911	-52.673	-78.22	14.88	-102.41	-40.474	-24.500	-6.958	-0.66818	0.31604	-0.56171	0.37149	29.3	13111	100
2025-3-27 20:17:28.550	WT901BLE68-01(48591DE3C19B)	-0.830	-0.487	0.068	-14.282	-68.970	-31.128	-78.15	14.56	-101.96	-40.474	-24.500	-6.958	-0.66818	0.31604	-0.56171	0.37149	29.3	13111	100
2025-3-27 20:17:28.581	WT901BLE68-01(48591DE3C19B)	-0.689	-0.487	0.068	-14.282	-68.970	-31.128	-78.07	14.25	-101.54	-40.474	-24.500	-6.958	-0.66818	0.31604	-0.56171	0.37149	29.3	13111	100
2025-3-27 20:17:28.581	WT901BLE68-01(48591DE3C19B)	-0.689	-0.502	0.070	-25.818	-95.520	-10.254	-78.03	14.10	-100.81	-40.474	-24.500	-6.958	-0.66818	0.31604	-0.56171	0.37149	29.3	13111	100
2025-3-27 20:17:28.581	WT901BLE68-01(48591DE3C19B)	-0.591	-0.502	0.070	-25.818	-95.520	-10.254	-78.00	13.95	-100.09	-40.474	-24.500	-6.958	-0.66818	0.31604	-0.56171	0.37149	29.3	13111	100
2025-3-27 20:17:28.581	WT901BLE68-01(48591DE3C19B)	-0.591	-0.379	0.087	-17.212	-69.031	9.399	-77.93	14.06	-99.60	-30.086	-24.990	-2.058	-0.66818	0.31604	-0.56171	0.37149	29.3	13111	100
2025-3-27 20:17:28.610	WT901BLE68-01(48591DE3C19B)	-0.446	-0.379	0.087	-17.212	-69.031	9.399	-77.84	14.16	-99.12	-30.086	-24.990	-2.058	-0.66818	0.31604	-0.56171	0.37149	29.3	13111	100
2025-3-27 20:17:28.610	WT901BLE68-01(48591DE3C19B)	-0.446	-0.133	0.048	-15.320	-40.283	24.658	-77.81	14.47	-98.91	-30.086	-24.990	-2.058	-0.66818	0.31604	-0.56171	0.37149	29.3	13111	100
2025-3-27 20:17:28.611	WT901BLE68-01(48591DE3C19B)	-0.370	-0.133	0.048	-15.320	-40.283	24.658	-77.75	14.79	-98.72	-30.086	-24.990	-2.058	-0.66818	0.31604	-0.56171	0.37149	29.3	13111	100
2025-3-27 20:17:28.611	WT901BLE68-01(48591DE3C19B)	-0.370	-0.031	0.055	-20.264	-15.808	40.955	-77.79	15.33	-98.76	-30.086	-24.990	-2.058	-0.66818	0.31604	-0.56171	0.37149	29.3	13111	100
2025-3-27 20:17:28.668	WT901BLE68-01(48591DE3C19B)	-0.424	-0.031	0.055	-20.264	-15.808	40.955	-77.81	15.85	-98.81	-30.086	-24.990	-2.058	-0.66818	0.31604	-0.56171	0.37149	29.3	13111	100
2025-3-27 20:17:28.668	WT901BLE68-01(48591DE3C19B)	-0.567	-0.167	0.087	-27.405	-7.385	53.955	-77.91	16.52	-98.93	-30.086	-24.990	-2.058	-0.66818	0.31604	-0.56171	0.37149	29.3	13111	100
2025-3-27 20:17:28.668	WT901BLE68-01(48591DE3C19B)	-0.567	-0.529	0.159	-29.663	-27.649	64.026	-77.98	17.22	-98.95	-30.086	-24.990	-2.058	-0.66818	0.31604	-0.56171	0.37149	29.3	13111	100
2025-3-27 20:17:28.668	WT901BLE68-01(48591DE3C19B)	-0.760	-0.529	0.159	-29.663	-27.649	64.026	-78.03	17.95	-98.84	-30.086	-24.990	-2.058	-0.66818	0.31604	-0.56171	0.37149	29.3	13111	100
2025-3-27 20:17:28.697	WT901BLE68-01(48591DE3C19B)	-0.760	-1.045	0.189	-30.396	-72.571	69.458	-78.01	18.64	-98.49	-30.086	-24.990	-2.058	-0.66818	0.31604	-0.56171	0.37149	29.3	13111	100
2025-3-27 20:17:28.698	WT901BLE68-01(48591DE3C19B)	-0.708	-1.045	0.189	-30.396	-72.571	69.458	-77.94	19.31	-97.86	-30.086	-24.990	-2.058	-0.66818	0.31604	-0.56171	0.37149	29.3	13111	100
2025-3-27 20:17:28.698	WT901BLE68-01(48591DE3C19B)	-0.708	-1.632	0.038	-33.875	-117.065	70.129	-77.81	19.93	-96.97	-30.086	-24.990	-2.058	-0.66818	0.31604	-0.56171	0.37149	29.3	13111	100
2025-3-27 20:17:28.698	WT901BLE68-01(48591DE3C19B)	-0.408	-1.632	0.038	-33.875	-117.065	70.129	-77.63	20.49	-95.78	-30.086	-24.990	-2.058	-0.66818	0.31604	-0.56171	0.37149	29.3	13111	100
2025-3-27 20:17:28.728	WT901BLE68-01(48591DE3C19B)	-0.408	-2.139	-0.060	-25.574	-127.625	70.618	-77.42	21.01	-94.50	-30.086	-24.990	-2.058	-0.66818	0.31604	-0.56171	0.37149	29.3	13111	100
2025-3-27 20:17:28.728	WT901BLE68-01(48591DE3C19B)	-0.300	-2.139	-0.060	-25.574	-127.625	70.618	-77.15	21.49	-93.13	-30.086	-24.990	-2.058	-0.66818	0.31604	-0.56171	0.37149	29.3	13111	100
2025-3-27 20:17:28.728	WT901BLE68-01(48591DE3C19B)	-0.300	-2.111	0.025	7.263	-109.497	71.167	-76.76	21.97	-91.82	-30.086	-24.990	-2.058	-0.66818	0.31604	-0.56171	0.37149	29.3	13111	100
2025-3-27 20:17:28.728	WT901BLE68-01(48591DE3C19B)	-0.276	-2.111	0.025	7.263	-109.497	71.167	-76.23	22.43	-90.60	-30.086	-24.990	-2.058	-0.66818	0.31604	-0.56171	0.37149	29.3	13111	100
2025-3-27 20:17:28.788	WT901BLE68-01(48591DE3C19B)	-0.276	-1.767	0.208	3.296	-85.083	68.604	-75.78	22.89	-89.51	-30.086	-24.990	-2.058	-0.66818	0.31604	-0.56171	0.37149	29.3	13111	100
2025-3-27 20:17:28.789	WT901BLE68-01(48591DE3C19B)	-0.093	-1.767	0.208	3.296	-85.083	68.604	-75.38	23.34	-88.55	-30.086	-24.990	-2.058	-0.66818	0.31604	-0.56171	0.37149	29.3	13111	100
2025-3-27 20:17:28.789	WT901BLE68-01(48591DE3C19B)	-0.093	-1.584	0.316	-0.244	-62.927	67.383	-75.05	23.80	-87.70	-30.086	-24.990	-2.058	-0.66818	0.31604	-0.56171	0.37149	29.3	13111	100
2025-3-27 20:17:28.789	WT901BLE68-01(48591DE3C19B)	0.147	-1.584	0.316	-0.244	-62.927	67.383	-74.77	24.26	-86.97	-30.086	-24.990	-2.058	-0.66818	0.31604	-0.56171	0.37149	29.3	13111	100
2025-3-27 20:17:28.817	WT901BLE68-01(48591DE3C19B)	0.147	-1.077	0.377	6.531	-21.545	71.411	-74.53	24.77	-86.46	-30.086	-24.990	-2.058	-0.65527	0.31393	-0.52945	0.43771	29.3	13111	100
2025-3-27 20:17:28.817	WT901BLE68-01(48591DE3C19B)	0.262	-1.077	0.377	6.531	-21.545	71.411	-74.34	25.35	-86.16	-30.086	-24.990	-2.058	-0.65527	0.31393	-0.52945	0.43771	29.3	13111	100
2025-3-27 20:17:28.817	WT901BLE68-01(48591DE3C19B)	0.262	-0.503	0.342	5.798	30.334	79.834	-74.27	26.02	-86.13	-30.086	-24.990	-2.058	-0.65527	0.31393	-0.52945	0.43771	29.3	13111	100
2025-3-27 20:17:28.817	WT901BLE68-01(48591DE3C19B)	0.177	-0.503	0.342	5.798	30.334	79.834	-74.31	26.79	-86.36	-30.086	-24.990	-2.058	-0.65527	0.31393	-0.52945	0.43771	29.3	13111	100
2025-3-27 20:17:28.878	WT901BLE68-01(48591DE3C19B)	0.177	-0.068	0.265	4.150	52.979	77.759	-74.40	27.56	-86.72	-30.086	-24.990	-2.058	-0.65527	0.31393	-0.52945	0.43771	29.3	13111	100
2025-3-27 20:17:28.878	WT901BLE68-01(48591DE3C19B)	-0.058	-0.068	0.265	4.150	52.979	77.759	-74.58	28.34	-87.21	-30.086	-24.990	-2.058	-0.65527	0.31393	-0.52945	0.43771	29.3	13111	100
2025-3-27 20:17:28.878	WT901BLE68-01(48591DE3C19B)	-0.058	0.036	0.182	-17.456	19.714	74.036	-74.76	29.05	-87.53	-30.086	-24.990	-2.058	-0.65527	0.31393	-0.52945	0.43771	29.3	13111	100
2025-3-27 20:17:28.878	WT901BLE68-01(48591DE3C19B)	-0.146	0.036	0.182	-17.456	19.714	74.036	-74.97	29.69	-87.68	-30.086	-24.990	-2.058	-0.65527	0.31393	-0.52945	0.43771	29.3	13111	100
2025-3-27 20:17:28.908	WT901BLE68-01(48591DE3C19B)	-0.146	-0.188	0.136	-37.964	-32.349	72.449	-75.12	30.26	-87.54	-30.086	-24.990	-2.058	-0.65527	0.31393	-0.52945	0.43771	29.3	13111	100
2025-3-27 20:17:28.908	WT901BLE68-01(48591DE3C19B)	-0.102	-0.188	0.136	-37.964	-32.349	72.449	-75.23	30.75	-87.13	-30.086	-24.990	-2.058	-0.65527	0.31393	-0.52945	0.43771	29.3	13111	100
2025-3-27 20:17:28.909	WT901BLE68-01(48591DE3C19B)	-0.102	-0.387	0.186	-37.659	-60.059	74.158	-75.25	31.22	-86.56	-30.086	-24.990	-2.058	-0.65527	0.31393	-0.52945	0.43771	29.3	13111	100
2025-3-27 20:17:28.909	WT901BLE68-01(48591DE3C19B)	-0.084	-0.387	0.186	-37.659	-60.059	74.158	-75.17	31.66	-85.82	-30.086	-24.990	-2.058	-0.65527	0.31393	-0.52945	0.43771	29.3	13111	100
2025-3-27 20:17:28.939	WT901BLE68-01(48591DE3C19B)	-0.084	-0.599	0.207	-30.334	-61.768	78.796	-75.04	32.11	-85.07	-30.086	-24.990	-2.058	-0.65527	0.31393	-0.52945	0.43771	29.3	13111	100
2025-3-27 20:17:28.939	WT901BLE68-01(48591DE3C19B)	-0.128	-0.599	0.207	-30.334	-61.768	78.796	-74.86	32.58	-84.30	-30.086	-24.990	-2.058	-0.65527	0.31393	-0.52945	0.43771	29.3	13111	100
2025-3-27 20:17:28.939	WT901BLE68-01(48591DE3C19B)	-0.128	-0.835	0.195	-20.569	-46.814	67.261	-74.67	33.00	-83.64	-30.086	-24.990	-2.058	-0.65527	0.31393	-0.52945	0.43771	29.3	13111	100
2025-3-27 20:17:28.939	WT901BLE68-01(48591DE3C19B)	-0.129	-0.835	0.195	-20.569	-46.814	67.261	-74.49	33.39	-83.07	-30.086	-24.990	-2.058	-0.65527	0.31393	-0.52945	0.43771	29.3	13111	100
2025-3-27 20:17:28.998	WT901BLE68-01(48591DE3C19B)	-0.129	-1.118	0.176	-7.141	-12.756	43.640	-74.38	33.71	-82.74	-30.086	-24.990	-2.058	-0.65527	0.31393	-0.52945	0.43771	29.3	13111	100
2025-3-27 20:17:28.998	WT901BLE68-01(48591DE3C19B)	-0.151	-1.118	0.176	-7.141	-12.756	43.640	-74.33	33.95	-82.63	-48.314	-28.224	-9.212	-0.65527	0.31393	-0.52945	0.43771	29.3	13111	100
2025-3-27 20:17:28.999	WT901BLE68-01(48591DE3C19B)	-0.151	-1.500	0.090	11.719	36.743	-4.578	-74.40	34.02	-82.89	-48.314	-28.224	-9.212	-0.65527	0.31393	-0.52945	0.43771	29.3	13111	100
2025-3-27 20:17:28.999	WT901BLE68-01(48591DE3C19B)	-0.225	-1.500	0.090	11.719	36.743	-4.578	-74.60	33.93	-83.51	-48.314	-28.224	-9.212	-0.65527	0.31393	-0.52945	0.43771	29.3	13111	100
2025-3-27 20:17:29.27	WT901BLE68-01(48591DE3C19B)	-0.225	-1.868	-0.069	31.250	99.548	-75.867	-74.96	33.57	-84.59	-48.314	-28.224	-9.212	-0.65527	0.31393	-0.52945	0.43771	29.3	13111	100
2025-3-27 20:17:29.27	WT901BLE68-01(48591DE3C19B)	-0.776	-1.868	-0.069	31.250	99.548	-75.867	-75.48	32.95	-86.13	-48.314	-28.224	-9.212	-0.65527	0.31393	-0.52945	0.43771	29.3	13111	100
2025-3-27 20:17:29.27	WT901BLE68-01(48591DE3C19B)	-0.776	-1.727	0.086	61.157	132.813	-111.755	-75.96	32.20	-87.87	-48.314	-28.224	-9.212	-0.65527	0.31393	-0.52945	0.43771	29.3	13111	100
2025-3-27 20:17:29.27	WT901BLE68-01(48591DE3C19B)	-1.205	-1.727	0.086	61.157	132.813	-111.755	-76.39	31.31	-89.82	-48.314	-28.224	-9.212	-0.65527	0.31393	-0.52945	0.43771	29.3	13111	100
2025-3-27 20:17:29.58	WT901BLE68-01(48591DE3C19B)	-1.205	-1.211	0.289	52.490	144.592	-136.047	-76.86	30.33	-91.84	-48.314	-28.224	-9.212	-0.65527	0.31393	-0.52945	0.43771	29.3	13111	100
2025-3-27 20:17:29.58	WT901BLE68-01(48591DE3C19B)	-1.004	-1.211	0.289	52.490	144.592	-136.047	-77.37	29.26	-93.92	-48.314	-28.224	-9.212	-0.65527	0.31393	-0.52945	0.43771	29.3	13111	100
2025-3-27 20:17:29.58	WT901BLE68-01(48591DE3C19B)	-1.004	-0.828	0.477	43.579	145.447	-115.601	-77.85	28.30	-95.94	-48.314	-28.224	-9.212	-0.65527	0.31393	-0.52945	0.43771	29.3	13111	100
2025-3-27 20:17:29.58	WT901BLE68-01(48591DE3C19B)	-0.797	-0.828	0.477	43.579	145.447	-115.601	-78.31	27.44	-97.92	-48.314	-28.224	-9.212	-0.65527	0.31393	-0.52945	0.43771	29.3	13111	100
2025-3-27 20:17:29.119	WT901BLE68-01(48591DE3C19B)	-0.797	-0.719	0.465	35.278	162.781	-97.046	-78.80	26.70	-99.96	-48.314	-28.224	-9.212	-0.65527	0.31393	-0.52945	0.43771	29.3	13111	100
2025-3-27 20:17:29.119	WT901BLE68-01(48591DE3C19B)	-0.850	-0.719	0.465	35.278	162.781	-97.046	-79.32	26.07	-102.06	-48.314	-28.224	-9.212	-0.65527	0.31393	-0.52945	0.43771	29.3	13111	100
2025-3-27 20:17:29.119	WT901BLE68-01(48591DE3C19B)	-0.850	-0.528	0.371	30.945	123.779	-74.890	-79.71	25.50	-103.91	-48.314	-28.224	-9.212	-0.65527	0.31393	-0.52945	0.43771	29.3	13111	100
2025-3-27 20:17:29.119	WT901BLE68-01(48591DE3C19B)	-0.875	-0.528	0.371	30.945	123.779	-74.890	-80.00	25.01	-105.52	-48.314	-28.224	-9.212	-0.65527	0.31393	-0.52945	0.43771	29.3	13111	100
2025-3-27 20:17:29.150	WT901BLE68-01(48591DE3C19B)	-0.875	-0.375	0.232	-4.028	12.268	-57.434	-80.10	24.51	-105.90	-48.314	-28.224	-9.212	-0.65527	0.31393	-0.52945	0.43771	29.3	13111	100
2025-3-27 20:17:29.150	WT901BLE68-01(48591DE3C19B)	-0.634	-0.375	0.232	-4.028	12.268	-57.434	-80.18	24.03	-106.30	-48.314	-28.224	-9.212	-0.65527	0.31393	-0.52945	0.43771	29.3	13111	100
2025-3-27 20:17:29.150	WT901BLE68-01(48591DE3C19B)	-0.634	-0.335	0.119	-29.175	-83.435	-45.105	-80.07	23.51	-105.66	-48.314	-28.224	-9.212	-0.65527	0.31393	-0.52945	0.43771	29.3	13111	100
2025-3-27 20:17:29.150	WT901BLE68-01(48591DE3C19B)	-0.538	-0.335	0.119	-29.175	-83.435	-45.105	-79.98	23.00	-105.05	-48.314	-28.224	-9.212	-0.65527	0.31393	-0.52945	0.43771	29.3	13111	100
2025-3-27 20:17:29.180	WT901BLE68-01(48591DE3C19B)	-0.538	-0.201	0.104	-32.898	-99.609	-26.123	-79.84	22.66	-104.23	-48.314	-28.224	-9.212	-0.65527	0.31393	-0.52945	0.43771	29.3	13111	100
2025-3-27 20:17:29.180	WT901BLE68-01(48591DE3C19B)	-0.542	-0.201	0.104	-32.898	-99.609	-26.123	-79.69	22.32	-103.45	-48.314	-28.224	-9.212	-0.65527	0.31393	-0.52945	0.43771	29.3	13111	100
2025-3-27 20:17:29.180	WT901BLE68-01(48591DE3C19B)	-0.542	-0.078	0.106	-37.170	-71.411	3.235	-79.68	22.34	-102.92	-48.314	-28.224	-9.212	-0.56757	0.27649	-0.58365	0.51056	29.3	13111	100
2025-3-27 20:17:29.181	WT901BLE68-01(48591DE3C19B)	-0.490	-0.078	0.106	-37.170	-71.411	3.235	-79.66	22.35	-102.41	-48.314	-28.224	-9.212	-0.56757	0.27649	-0.58365	0.51056	29.3	13111	100
2025-3-27 20:17:29.238	WT901BLE68-01(48591DE3C19B)	-0.490	-0.163	0.121	-42.114	-40.039	31.738	-79.78	22.71	-102.19	-48.314	-28.224	-9.212	-0.56757	0.27649	-0.58365	0.51056	29.3	13111	100
2025-3-27 20:17:29.238	WT901BLE68-01(48591DE3C19B)	-0.517	-0.163	0.121	-42.114	-40.039	31.738	-79.89	23.07	-101.98	-48.314	-28.224	-9.212	-0.56757	0.27649	-0.58365	0.51056	29.3	13111	100
2025-3-27 20:17:29.238	WT901BLE68-01(48591DE3C19B)	-0.517	-0.400	0.118	-39.368	-23.621	41.687	-80.03	23.55	-101.93	-48.314	-28.224	-9.212	-0.56757	0.27649	-0.58365	0.51056	29.3	13111	100
2025-3-27 20:17:29.239	WT901BLE68-01(48591DE3C19B)	-0.669	-0.400	0.118	-39.368	-23.621	41.687	-80.17	24.04	-101.87	-48.314	-28.224	-9.212	-0.56757	0.27649	-0.58365	0.51056	29.3	13111	100
2025-3-27 20:17:29.267	WT901BLE68-01(48591DE3C19B)	-0.669	-0.747	0.102	-32.043	-28.320	36.804	-80.22	24.47	-101.75	-48.314	-28.224	-9.212	-0.56757	0.27649	-0.58365	0.51056	29.3	13111	100
2025-3-27 20:17:29.268	WT901BLE68-01(48591DE3C19B)	-0.893	-0.747	0.102	-32.043	-28.320	36.804	-80.29	24.90	-101.62	-48.314	-28.224	-9.212	-0.56757	0.27649	-0.58365	0.51056	29.3	13111	100
2025-3-27 20:17:29.268	WT901BLE68-01(48591DE3C19B)	-0.893	-1.382	0.067	-26.062	-44.495	24.109	-80.26	25.18	-101.29	-48.314	-28.224	-9.212	-0.56757	0.27649	-0.58365	0.51056	29.3	13111	100
2025-3-27 20:17:29.268	WT901BLE68-01(48591DE3C19B)	-1.072	-1.382	0.067	-26.062	-44.495	24.109	-80.25	25.44	-100.94	-48.314	-28.224	-9.212	-0.56757	0.27649	-0.58365	0.51056	29.3	13111	100
2025-3-27 20:17:29.298	WT901BLE68-01(48591DE3C19B)	-1.072	-2.431	-0.070	-31.006	-66.589	2.563	-80.23	25.44	-100.33	-48.314	-28.224	-9.212	-0.56757	0.27649	-0.58365	0.51056	29.3	13111	100
2025-3-27 20:17:29.298	WT901BLE68-01(48591DE3C19B)	-0.989	-2.431	-0.070	-31.006	-66.589	2.563	-80.24	25.42	-99.68	-48.314	-28.224	-9.212	-0.56757	0.27649	-0.58365	0.51056	29.3	13111	100
2025-3-27 20:17:29.298	WT901BLE68-01(48591DE3C19B)	-0.989	-2.670	-0.114	13.245	-79.773	10.681	-79.75	25.44	-98.85	-48.314	-28.224	-9.212	-0.56757	0.27649	-0.58365	0.51056	29.3	13111	100
2025-3-27 20:17:29.299	WT901BLE68-01(48591DE3C19B)	-0.589	-2.670	-0.114	13.245	-79.773	10.681	-79.28	25.44	-98.01	-48.314	-28.224	-9.212	-0.56757	0.27649	-0.58365	0.51056	29.3	13111	100
2025-3-27 20:17:29.388	WT901BLE68-01(48591DE3C19B)	-0.589	-1.627	0.141	17.639	-75.134	17.090	-78.78	25.49	-97.20	-48.314	-28.224	-9.212	-0.56757	0.27649	-0.58365	0.51056	29.3	13111	100
2025-3-27 20:17:29.389	WT901BLE68-01(48591DE3C19B)	-0.168	-1.627	0.141	17.639	-75.134	17.090	-78.28	25.53	-96.40	-48.314	-28.224	-9.212	-0.56757	0.27649	-0.58365	0.51056	29.3	13111	100
2025-3-27 20:17:29.389	WT901BLE68-01(48591DE3C19B)	-0.168	-1.450	0.259	-1.831	-79.590	32.043	-77.95	25.69	-95.52	-48.314	-28.224	-9.212	-0.56757	0.27649	-0.58365	0.51056	29.3	13111	100
2025-3-27 20:17:29.389	WT901BLE68-01(48591DE3C19B)	0.052	-1.450	0.259	-1.831	-79.590	32.043	-77.61	25.83	-94.64	-48.314	-28.224	-9.212	-0.56757	0.27649	-0.58365	0.51056	29.3	13111	100
2025-3-27 20:17:29.390	WT901BLE68-01(48591DE3C19B)	0.052	-1.261	0.324	-2.014	-73.364	49.561	-77.27	26.15	-93.78	-48.314	-28.224	-9.212	-0.56757	0.27649	-0.58365	0.51056	29.3	13111	100
2025-3-27 20:17:29.390	WT901BLE68-01(48591DE3C19B)	0.056	-1.261	0.324	-2.014	-73.364	49.561	-76.93	26.43	-92.94	-48.314	-28.224	-9.212	-0.56757	0.27649	-0.58365	0.51056	29.3	13111	100
2025-3-27 20:17:29.390	WT901BLE68-01(48591DE3C19B)	0.056	-1.009	0.340	5.493	-44.678	53.223	-76.64	26.81	-92.39	-48.314	-28.224	-9.212	-0.56757	0.27649	-0.58365	0.51056	29.3	13111	100
2025-3-27 20:17:29.390	WT901BLE68-01(48591DE3C19B)	-0.021	-1.009	0.340	5.493	-44.678	53.223	-76.34	27.17	-91.84	-49.392	-27.440	-6.174	-0.56757	0.27649	-0.58365	0.51056	29.3	13111	100
2025-3-27 20:17:29.420	WT901BLE68-01(48591DE3C19B)	-0.021	-0.698	0.311	14.282	-17.334	47.852	-76.09	27.53	-91.60	-49.392	-27.440	-6.174	-0.56757	0.27649	-0.58365	0.51056	29.3	13111	100
2025-3-27 20:17:29.420	WT901BLE68-01(48591DE3C19B)	0.026	-0.698	0.311	14.282	-17.334	47.852	-75.84	27.88	-91.37	-49.392	-27.440	-6.174	-0.56757	0.27649	-0.58365	0.51056	29.3	13111	100
2025-3-27 20:17:29.420	WT901BLE68-01(48591DE3C19B)	0.026	-0.427	0.198	20.447	24.597	50.659	-75.73	28.36	-91.59	-49.392	-27.440	-6.174	-0.56757	0.27649	-0.58365	0.51056	29.3	13111	100
2025-3-27 20:17:29.420	WT901BLE68-01(48591DE3C19B)	-0.008	-0.427	0.198	20.447	24.597	50.659	-75.62	28.83	-91.80	-49.392	-27.440	-6.174	-0.56757	0.27649	-0.58365	0.51056	29.3	13111	100
2025-3-27 20:17:29.478	WT901BLE68-01(48591DE3C19B)	-0.008	-0.263	0.075	23.315	61.035	60.364	-75.66	29.47	-92.40	-49.392	-27.440	-6.174	-0.56757	0.27649	-0.58365	0.51056	29.3	13111	100
2025-3-27 20:17:29.478	WT901BLE68-01(48591DE3C19B)	-0.124	-0.263	0.075	23.315	61.035	60.364	-75.71	30.11	-92.98	-49.392	-27.440	-6.174	-0.56757	0.27649	-0.58365	0.51056	29.3	13111	100
2025-3-27 20:17:29.478	WT901BLE68-01(48591DE3C19B)	-0.124	-0.185	0.023	20.081	65.369	71.106	-75.81	30.86	-93.59	-49.392	-27.440	-6.174	-0.56757	0.27649	-0.58365	0.51056	29.3	13111	100
2025-3-27 20:17:29.478	WT901BLE68-01(48591DE3C19B)	-0.169	-0.185	0.023	20.081	65.369	71.106	-75.92	31.61	-94.21	-49.392	-27.440	-6.174	-0.56757	0.27649	-0.58365	0.51056	29.3	13111	100
2025-3-27 20:17:29.508	WT901BLE68-01(48591DE3C19B)	-0.169	-0.197	0.059	11.658	39.063	87.036	-75.94	32.45	-94.48	-49.392	-27.440	-6.174	-0.56757	0.27649	-0.58365	0.51056	29.3	13111	100
2025-3-27 20:17:29.508	WT901BLE68-01(48591DE3C19B)	-0.233	-0.197	0.059	11.658	39.063	87.036	-75.96	33.29	-94.75	-49.392	-27.440	-6.174	-0.56757	0.27649	-0.58365	0.51056	29.3	13111	100
2025-3-27 20:17:29.508	WT901BLE68-01(48591DE3C19B)	-0.233	-0.324	0.096	4.700	10.742	89.722	-75.86	34.09	-94.69	-49.392	-27.440	-6.174	-0.56757	0.27649	-0.58365	0.51056	29.3	13111	100
2025-3-27 20:17:29.508	WT901BLE68-01(48591DE3C19B)	-0.368	-0.324	0.096	4.700	10.742	89.722	-75.76	34.88	-94.63	-49.392	-27.440	-6.174	-0.56757	0.27649	-0.58365	0.51056	29.3	13111	100
2025-3-27 20:17:29.538	WT901BLE68-01(48591DE3C19B)	-0.368	-0.549	0.097	1.160	-14.343	91.492	-75.52	35.64	-94.26	-49.392	-27.440	-6.174	-0.56757	0.27649	-0.58365	0.51056	29.3	13111	100
2025-3-27 20:17:29.538	WT901BLE68-01(48591DE3C19B)	-0.491	-0.549	0.097	1.160	-14.343	91.492	-75.27	36.40	-93.89	-49.392	-27.440	-6.174	-0.56757	0.27649	-0.58365	0.51056	29.3	13111	100
2025-3-27 20:17:29.539	WT901BLE68-01(48591DE3C19B)	-0.491	-0.885	0.050	-2.563	-28.564	79.346	-74.98	37.00	-93.38	-49.392	-27.440	-6.174	-0.56757	0.27649	-0.58365	0.51056	29.3	13111	100
2025-3-27 20:17:29.539	WT901BLE68-01(48591DE3C19B)	-0.483	-0.885	0.050	-2.563	-28.564	79.346	-74.69	37.61	-92.87	-49.392	-27.440	-6.174	-0.56757	0.27649	-0.58365	0.51056	29.3	13111	100
2025-3-27 20:17:29.598	WT901BLE68-01(48591DE3C19B)	-0.483	-1.264	0.000	7.080	-25.452	45.410	-74.39	37.90	-92.49	-49.392	-27.440	-6.174	-0.56757	0.27649	-0.58365	0.51056	29.3	13111	100
2025-3-27 20:17:29.599	WT901BLE68-01(48591DE3C19B)	-0.529	-1.264	0.000	7.080	-25.452	45.410	-74.10	38.18	-92.10	-49.392	-27.440	-6.174	-0.56757	0.27649	-0.58365	0.51056	29.3	13111	100
2025-3-27 20:17:29.599	WT901BLE68-01(48591DE3C19B)	-0.685	-1.513	0.061	33.875	-7.324	-4.089	-73.79	38.03	-92.10	-49.392	-27.440	-6.174	-0.56757	0.27649	-0.58365	0.51056	29.3	13111	100
2025-3-27 20:17:29.599	WT901BLE68-01(48591DE3C19B)	-0.685	-1.410	0.142	34.302	12.085	-56.580	-73.61	37.66	-92.32	-49.392	-27.440	-6.174	-0.56757	0.27649	-0.58365	0.51056	29.3	13111	100
2025-3-27 20:17:29.627	WT901BLE68-01(48591DE3C19B)	-0.990	-1.410	0.142	34.302	12.085	-56.580	-73.56	37.06	-92.74	-49.392	-27.440	-6.174	-0.66171	0.20746	-0.58655	0.41827	29.3	13111	100
2025-3-27 20:17:29.627	WT901BLE68-01(48591DE3C19B)	-0.990	-1.215	0.277	35.522	69.885	-79.407	-73.72	36.45	-93.53	-49.392	-27.440	-6.174	-0.66171	0.20746	-0.58655	0.41827	29.3	13111	100
2025-3-27 20:17:29.627	WT901BLE68-01(48591DE3C19B)	-0.980	-1.215	0.277	35.522	69.885	-79.407	-74.09	35.83	-94.70	-49.392	-27.440	-6.174	-0.66171	0.20746	-0.58655	0.41827	29.3	13111	100
2025-3-27 20:17:29.627	WT901BLE68-01(48591DE3C19B)	-0.980	-0.857	0.428	37.842	110.779	-71.472	-74.54	35.30	-96.08	-49.392	-27.440	-6.174	-0.66171	0.20746	-0.58655	0.41827	29.3	13111	100
2025-3-27 20:17:29.658	WT901BLE68-01(48591DE3C19B)	-0.782	-0.857	0.428	37.842	110.779	-71.472	-75.08	34.87	-97.68	-49.392	-27.440	-6.174	-0.66171	0.20746	-0.58655	0.41827	29.3	13111	100
2025-3-27 20:17:29.658	WT901BLE68-01(48591DE3C19B)	-0.782	-0.669	0.390	25.696	132.507	-63.354	-75.72	34.51	-99.39	-49.392	-27.440	-6.174	-0.66171	0.20746	-0.58655	0.41827	29.3	13111	100
2025-3-27 20:17:29.658	WT901BLE68-01(48591DE3C19B)	-0.650	-0.669	0.390	25.696	132.507	-63.354	-76.45	34.21	-101.22	-49.392	-27.440	-6.174	-0.66171	0.20746	-0.58655	0.41827	29.3	13111	100
2025-3-27 20:17:29.658	WT901BLE68-01(48591DE3C19B)	-0.650	-0.589	0.249	10.559	111.755	-49.927	-77.16	33.93	-102.89	-49.392	-27.440	-6.174	-0.66171	0.20746	-0.58655	0.41827	29.3	13111	100
2025-3-27 20:17:29.718	WT901BLE68-01(48591DE3C19B)	-0.732	-0.589	0.249	10.559	111.755	-49.927	-77.85	33.69	-104.41	-49.392	-27.440	-6.174	-0.66171	0.20746	-0.58655	0.41827	29.3	13111	100
2025-3-27 20:17:29.718	WT901BLE68-01(48591DE3C19B)	-0.732	-0.614	0.146	-7.263	28.381	-42.236	-78.33	33.40	-105.43	-49.392	-27.440	-6.174	-0.66171	0.20746	-0.58655	0.41827	29.3	13111	100
2025-3-27 20:17:29.719	WT901BLE68-01(48591DE3C19B)	-0.624	-0.614	0.146	-7.263	28.381	-42.236	-78.62	33.06	-105.95	-49.392	-27.440	-6.174	-0.66171	0.20746	-0.58655	0.41827	29.3	13111	100
2025-3-27 20:17:29.719	WT901BLE68-01(48591DE3C19B)	-0.624	-0.659	0.079	-26.794	-57.495	-39.734	-78.72	32.66	-105.96	-49.392	-27.440	-6.174	-0.66171	0.20746	-0.58655	0.41827	29.3	13111	100
2025-3-27 20:17:29.750	WT901BLE68-01(48591DE3C19B)	-0.487	-0.659	0.079	-26.794	-57.495	-39.734	-78.66	32.20	-105.47	-49.392	-27.440	-6.174	-0.66171	0.20746	-0.58655	0.41827	29.3	13111	100
2025-3-27 20:17:29.750	WT901BLE68-01(48591DE3C19B)	-0.487	-0.619	0.114	-25.146	-88.989	-27.039	-78.50	31.76	-104.79	-49.392	-27.440	-6.174	-0.66171	0.20746	-0.58655	0.41827	29.3	13111	100
2025-3-27 20:17:29.750	WT901BLE68-01(48591DE3C19B)	-0.399	-0.619	0.114	-25.146	-88.989	-27.039	-78.23	31.36	-103.91	-49.392	-27.440	-6.174	-0.66171	0.20746	-0.58655	0.41827	29.3	13111	100
2025-3-27 20:17:29.750	WT901BLE68-01(48591DE3C19B)	-0.399	-0.417	0.139	-23.071	-67.383	-25.391	-78.04	30.99	-103.17	-49.392	-27.440	-6.174	-0.66171	0.20746	-0.58655	0.41827	29.3	13111	100
2025-3-27 20:17:29.780	WT901BLE68-01(48591DE3C19B)	-0.241	-0.417	0.139	-23.071	-67.383	-25.391	-77.89	30.65	-102.55	-49.392	-27.440	-6.174	-0.66171	0.20746	-0.58655	0.41827	29.3	13111	100
2025-3-27 20:17:29.780	WT901BLE68-01(48591DE3C19B)	-0.241	-0.167	0.143	-24.780	-30.334	-12.512	-77.85	30.41	-102.13	-49.392	-27.440	-6.174	-0.66171	0.20746	-0.58655	0.41827	29.3	13111	100
2025-3-27 20:17:29.780	WT901BLE68-01(48591DE3C19B)	-0.170	-0.167	0.143	-24.780	-30.334	-12.512	-77.92	30.27	-101.92	-47.628	-32.634	-1.078	-0.66171	0.20746	-0.58655	0.41827	29.3	13111	100
2025-3-27 20:17:29.781	WT901BLE68-01(48591DE3C19B)	-0.170	-0.048	0.190	-27.161	3.967	5.493	-78.07	30.27	-101.89	-47.628	-32.634	-1.078	-0.66171	0.20746	-0.58655	0.41827	29.3	13111	100
2025-3-27 20:17:29.838	WT901BLE68-01(48591DE3C19B)	-0.246	-0.048	0.190	-27.161	3.967	5.493	-78.32	30.38	-102.04	-47.628	-32.634	-1.078	-0.66171	0.20746	-0.58655	0.41827	29.3	13111	100
2025-3-27 20:17:29.838	WT901BLE68-01(48591DE3C19B)	-0.246	-0.167	0.200	-30.701	19.043	7.263	-78.61	30.53	-102.29	-47.628	-32.634	-1.078	-0.66171	0.20746	-0.58655	0.41827	29.3	13111	100
2025-3-27 20:17:29.839	WT901BLE68-01(48591DE3C19B)	-0.412	-0.167	0.200	-30.701	19.043	7.263	-78.95	30.68	-102.62	-47.628	-32.634	-1.078	-0.66171	0.20746	-0.58655	0.41827	29.3	13111	100
2025-3-27 20:17:29.839	WT901BLE68-01(48591DE3C19B)	-0.412	-0.459	0.180	-32.471	8.545	-6.409	-79.27	30.77	-102.92	-47.628	-32.634	-1.078	-0.66171	0.20746	-0.58655	0.41827	29.3	13111	100
2025-3-27 20:17:29.867	WT901BLE68-01(48591DE3C19B)	-0.501	-0.459	0.180	-32.471	8.545	-6.409	-79.57	30.77	-103.16	-47.628	-32.634	-1.078	-0.66171	0.20746	-0.58655	0.41827	29.3	13111	100
2025-3-27 20:17:29.867	WT901BLE68-01(48591DE3C19B)	-0.501	-0.829	0.063	-35.645	-20.874	-20.386	-79.82	30.68	-103.24	-47.628	-32.634	-1.078	-0.66171	0.20746	-0.58655	0.41827	29.3	13111	100
2025-3-27 20:17:29.868	WT901BLE68-01(48591DE3C19B)	-0.556	-0.829	0.063	-35.645	-20.874	-20.386	-80.02	30.49	-103.13	-47.628	-32.634	-1.078	-0.66171	0.20746	-0.58655	0.41827	29.3	13111	100
2025-3-27 20:17:29.868	WT901BLE68-01(48591DE3C19B)	-0.556	-1.471	-0.034	-33.569	-41.870	-36.255	-80.18	30.20	-102.89	-47.628	-32.634	-1.078	-0.66171	0.20746	-0.58655	0.41827	29.3	13111	100
2025-3-27 20:17:29.898	WT901BLE68-01(48591DE3C19B)	-0.617	-1.471	-0.034	-33.569	-41.870	-36.255	-80.29	29.80	-102.50	-47.628	-32.634	-1.078	-0.66171	0.20746	-0.58655	0.41827	29.3	13111	100
2025-3-27 20:17:29.898	WT901BLE68-01(48591DE3C19B)	-0.617	-2.409	-0.086	-19.409	-48.950	-71.289	-80.36	29.21	-102.07	-47.628	-32.634	-1.078	-0.66171	0.20746	-0.58655	0.41827	29.3	13111	100
2025-3-27 20:17:29.898	WT901BLE68-01(48591DE3C19B)	-0.697	-2.409	-0.086	-19.409	-48.950	-71.289	-80.38	28.42	-101.62	-47.628	-32.634	-1.078	-0.66171	0.20746	-0.58655	0.41827	29.3	13111	100
2025-3-27 20:17:29.898	WT901BLE68-01(48591DE3C19B)	-0.697	-2.523	-0.001	29.419	-45.532	-68.054	-80.17	27.64	-101.17	-47.628	-32.634	-1.078	-0.66171	0.20746	-0.58655	0.41827	29.3	13111	100
2025-3-27 20:17:29.958	WT901BLE68-01(48591DE3C19B)	-0.615	-2.523	-0.001	29.419	-45.532	-68.054	-79.75	26.86	-100.75	-47.628	-32.634	-1.078	-0.66171	0.20746	-0.58655	0.41827	29.3	13111	100
2025-3-27 20:17:29.958	WT901BLE68-01(48591DE3C19B)	-0.615	-1.626	0.123	32.593	-24.292	-64.514	-79.37	26.11	-100.44	-47.628	-32.634	-1.078	-0.66171	0.20746	-0.58655	0.41827	29.3	13111	100
2025-3-27 20:17:29.959	WT901BLE68-01(48591DE3C19B)	-0.346	-1.626	0.123	32.593	-24.292	-64.514	-79.03	25.41	-100.26	-47.628	-32.634	-1.078	-0.66171	0.20746	-0.58655	0.41827	29.3	13111	100
2025-3-27 20:17:29.959	WT901BLE68-01(48591DE3C19B)	-0.346	-1.369	0.229	23.254	22.949	-47.852	-78.84	24.83	-100.32	-47.628	-32.634	-1.078	-0.66171	0.20746	-0.58655	0.41827	29.3	13111	100
2025-3-27 20:17:29.988	WT901BLE68-01(48591DE3C19B)	-0.254	-1.369	0.229	23.254	22.949	-47.852	-78.80	24.38	-100.61	-47.628	-32.634	-1.078	-0.66171	0.20746	-0.58655	0.41827	29.3	13111	100
2025-3-27 20:17:29.988	WT901BLE68-01(48591DE3C19B)	-0.254	-1.095	0.325	24.414	65.369	-30.518	-78.83	24.06	-101.12	-47.628	-32.634	-1.078	-0.66171	0.20746	-0.58655	0.41827	29.3	13111	100
2025-3-27 20:17:29.988	WT901BLE68-01(48591DE3C19B)	-0.325	-1.095	0.325	24.414	65.369	-30.518	-78.93	23.86	-101.83	-47.628	-32.634	-1.078	-0.66171	0.20746	-0.58655	0.41827	29.3	13111	100
2025-3-27 20:17:29.988	WT901BLE68-01(48591DE3C19B)	-0.325	-0.821	0.355	18.799	62.683	-14.282	-79.03	23.73	-102.50	-47.628	-32.634	-1.078	-0.57452	0.26599	-0.58490	0.50690	29.3	13111	100
2025-3-27 20:17:30.17	WT901BLE68-01(48591DE3C19B)	-0.339	-0.821	0.355	18.799	62.683	-14.282	-79.14	23.68	-103.15	-47.628	-32.634	-1.078	-0.57452	0.26599	-0.58490	0.50690	29.3	13111	100
2025-3-27 20:17:30.17	WT901BLE68-01(48591DE3C19B)	-0.339	-0.646	0.329	8.972	17.944	-19.592	-79.20	23.57	-103.56	-47.628	-32.634	-1.078	-0.57452	0.26599	-0.58490	0.50690	29.3	13111	100
2025-3-27 20:17:30.17	WT901BLE68-01(48591DE3C19B)	-0.262	-0.646	0.329	8.972	17.944	-19.592	-79.21	23.38	-103.74	-47.628	-32.634	-1.078	-0.57452	0.26599	-0.58490	0.50690	29.3	13111	100
2025-3-27 20:17:30.17	WT901BLE68-01(48591DE3C19B)	-0.262	-0.490	0.254	10.010	-6.836	-16.541	-79.15	23.20	-103.79	-47.628	-32.634	-1.078	-0.57452	0.26599	-0.58490	0.50690	29.3	13111	100
2025-3-27 20:17:30.77	WT901BLE68-01(48591DE3C19B)	-0.223	-0.490	0.254	10.010	-6.836	-16.541	-79.02	23.01	-103.71	-47.628	-32.634	-1.078	-0.57452	0.26599	-0.58490	0.50690	29.3	13111	100
2025-3-27 20:17:30.77	WT901BLE68-01(48591DE3C19B)	-0.223	-0.296	0.168	17.212	15.259	-4.211	-78.91	22.99	-103.84	-47.628	-32.634	-1.078	-0.57452	0.26599	-0.58490	0.50690	29.3	13111	100
2025-3-27 20:17:30.77	WT901BLE68-01(48591DE3C19B)	-0.249	-0.296	0.168	17.212	15.259	-4.211	-78.79	22.97	-103.98	-47.628	-32.634	-1.078	-0.57452	0.26599	-0.58490	0.50690	29.3	13111	100
2025-3-27 20:17:30.77	WT901BLE68-01(48591DE3C19B)	-0.249	-0.145	0.117	25.208	42.603	11.902	-78.70	23.16	-104.37	-47.628	-32.634	-1.078	-0.57452	0.26599	-0.58490	0.50690	29.3	13111	100
2025-3-27 20:17:30.108	WT901BLE68-01(48591DE3C19B)	-0.287	-0.145	0.117	25.208	42.603	11.902	-78.60	23.37	-104.77	-47.628	-32.634	-1.078	-0.57452	0.26599	-0.58490	0.50690	29.3	13111	100
2025-3-27 20:17:30.108	WT901BLE68-01(48591DE3C19B)	-0.287	-0.108	0.111	25.696	53.040	31.372	-78.52	23.79	-105.24	-47.628	-32.634	-1.078	-0.57452	0.26599	-0.58490	0.50690	29.3	13111	100
2025-3-27 20:17:30.108	WT901BLE68-01(48591DE3C19B)	-0.336	-0.108	0.111	25.696	53.040	31.372	-78.44	24.21	-105.71	-47.628	-32.634	-1.078	-0.57452	0.26599	-0.58490	0.50690	29.3	13111	100
2025-3-27 20:17:30.108	WT901BLE68-01(48591DE3C19B)	-0.336	-0.227	0.119	22.705	51.270	42.542	-78.38	24.75	-106.14	-47.628	-32.634	-1.078	-0.57452	0.26599	-0.58490	0.50690	29.3	13111	100
2025-3-27 20:17:30.198	WT901BLE68-01(48591DE3C19B)	-0.417	-0.227	0.119	22.705	51.270	42.542	-78.32	25.30	-106.58	-47.628	-32.634	-1.078	-0.57452	0.26599	-0.58490	0.50690	29.3	13111	100
2025-3-27 20:17:30.199	WT901BLE68-01(48591DE3C19B)	-0.417	-0.406	0.119	22.278	38.269	41.260	-78.21	25.81	-106.89	-47.628	-32.634	-1.078	-0.57452	0.26599	-0.58490	0.50690	29.3	13111	100
2025-3-27 20:17:30.199	WT901BLE68-01(48591DE3C19B)	-0.516	-0.406	0.119	22.278	38.269	41.260	-78.10	26.33	-107.19	-47.628	-32.634	-1.078	-0.57452	0.26599	-0.58490	0.50690	29.3	13111	100
2025-3-27 20:17:30.199	WT901BLE68-01(48591DE3C19B)	-0.516	-0.594	0.105	24.475	19.104	31.555	-77.89	26.72	-107.31	-47.628	-32.634	-1.078	-0.57452	0.26599	-0.58490	0.50690	29.3	13111	100
2025-3-27 20:17:30.200	WT901BLE68-01(48591DE3C19B)	-0.634	-0.594	0.105	24.475	19.104	31.555	-77.70	27.11	-107.42	-47.628	-32.634	-1.078	-0.57452	0.26599	-0.58490	0.50690	29.3	13111	100
2025-3-27 20:17:30.200	WT901BLE68-01(48591DE3C19B)	-0.634	-0.819	0.139	24.597	-2.258	15.686	-77.41	27.30	-107.33	-47.628	-32.634	-1.078	-0.57452	0.26599	-0.58490	0.50690	29.3	13111	100
2025-3-27 20:17:30.200	WT901BLE68-01(48591DE3C19B)	-0.755	-0.819	0.139	24.597	-2.258	15.686	-77.13	27.49	-107.22	-47.628	-32.634	-1.078	-0.57452	0.26599	-0.58490	0.50690	29.3	13111	100
2025-3-27 20:17:30.200	WT901BLE68-01(48591DE3C19B)	-0.755	-1.310	0.265	26.917	-25.085	-15.686	-76.75	27.33	-106.94	-47.628	-32.634	-1.078	-0.57452	0.26599	-0.58490	0.50690	29.3	13111	100
2025-3-27 20:17:30.230	WT901BLE68-01(48591DE3C19B)	-0.783	-1.310	0.265	26.917	-25.085	-15.686	-76.38	27.15	-106.66	-47.628	-32.634	-1.078	-0.57452	0.26599	-0.58490	0.50690	29.3	13111	100
2025-3-27 20:17:30.230	WT901BLE68-01(48591DE3C19B)	-0.783	-1.996	0.294	31.006	-29.785	-66.650	-76.02	26.46	-106.44	-47.628	-32.634	-1.078	-0.57452	0.26599	-0.58490	0.50690	29.3	13111	100
2025-3-27 20:17:30.230	WT901BLE68-01(48591DE3C19B)	-0.913	-1.996	0.294	31.006	-29.785	-66.650	-75.67	25.76	-106.22	-47.628	-32.634	-1.078	-0.57452	0.26599	-0.58490	0.50690	29.3	13111	100
2025-3-27 20:17:30.230	WT901BLE68-01(48591DE3C19B)	-0.913	-2.127	0.252	51.514	12.939	-73.975	-75.33	25.09	-106.47	-50.078	-38.416	6.664	-0.57452	0.26599	-0.58490	0.50690	29.3	13111	100
2025-3-27 20:17:30.288	WT901BLE68-01(48591DE3C19B)	-0.879	-2.127	0.252	51.514	12.939	-73.975	-74.99	24.42	-106.72	-50.078	-38.416	6.664	-0.57452	0.26599	-0.58490	0.50690	29.3	13111	100
2025-3-27 20:17:30.288	WT901BLE68-01(48591DE3C19B)	-0.879	-1.402	0.341	56.946	64.819	-71.594	-74.82	23.92	-107.51	-50.078	-38.416	6.664	-0.57452	0.26599	-0.58490	0.50690	29.3	13111	100
2025-3-27 20:17:30.288	WT901BLE68-01(48591DE3C19B)	-0.802	-1.402	0.341	56.946	64.819	-71.594	-74.64	23.42	-108.28	-50.078	-38.416	6.664	-0.57452	0.26599	-0.58490	0.50690	29.3	13111	100
2025-3-27 20:17:30.289	WT901BLE68-01(48591DE3C19B)	-0.802	-0.989	0.512	40.588	86.792	-59.998	-74.69	23.10	-109.26	-50.078	-38.416	6.664	-0.57452	0.26599	-0.58490	0.50690	29.3	13111	100
2025-3-27 20:17:30.317	WT901BLE68-01(48591DE3C19B)	-0.662	-0.989	0.512	40.588	86.792	-59.998	-74.72	22.79	-110.24	-50.078	-38.416	6.664	-0.57452	0.26599	-0.58490	0.50690	29.3	13111	100
2025-3-27 20:17:30.317	WT901BLE68-01(48591DE3C19B)	-0.662	-0.744	0.499	24.841	79.712	-29.541	-74.83	22.75	-111.07	-50.078	-38.416	6.664	-0.57452	0.26599	-0.58490	0.50690	29.3	13111	100
2025-3-27 20:17:30.317	WT901BLE68-01(48591DE3C19B)	-0.644	-0.744	0.499	24.841	79.712	-29.541	-74.94	22.73	-111.91	-50.078	-38.416	6.664	-0.57452	0.26599	-0.58490	0.50690	29.3	13111	100
2025-3-27 20:17:30.317	WT901BLE68-01(48591DE3C19B)	-0.644	-0.588	0.410	6.165	26.855	-5.737	-74.99	22.79	-112.14	-50.078	-38.416	6.664	-0.57452	0.26599	-0.58490	0.50690	29.3	13111	100
2025-3-27 20:17:30.409	WT901BLE68-01(48591DE3C19B)	-0.435	-0.588	0.410	6.165	26.855	-5.737	-75.03	22.86	-112.38	-50.078	-38.416	6.664	-0.57452	0.26599	-0.58490	0.50690	29.3	13111	100
2025-3-27 20:17:30.409	WT901BLE68-01(48591DE3C19B)	-0.435	-0.581	0.266	-17.395	-44.189	8.911	-74.99	22.90	-111.85	-50.078	-38.416	6.664	-0.57452	0.26599	-0.58490	0.50690	29.3	13111	100
2025-3-27 20:17:30.409	WT901BLE68-01(48591DE3C19B)	-0.291	-0.581	0.266	-17.395	-44.189	8.911	-74.96	22.93	-111.32	-50.078	-38.416	6.664	-0.57452	0.26599	-0.58490	0.50690	29.3	13111	100
2025-3-27 20:17:30.409	WT901BLE68-01(48591DE3C19B)	-0.291	-0.640	0.191	-17.090	-61.951	25.146	-74.83	23.07	-110.56	-50.078	-38.416	6.664	-0.57452	0.26599	-0.58490	0.50690	29.3	13111	100
2025-3-27 20:17:30.410	WT901BLE68-01(48591DE3C19B)	-0.409	-0.640	0.191	-17.090	-61.951	25.146	-74.70	23.20	-109.80	-50.078	-38.416	6.664	-0.57452	0.26599	-0.58490	0.50690	29.3	13111	100
2025-3-27 20:17:30.410	WT901BLE68-01(48591DE3C19B)	-0.409	-0.608	0.206	-1.404	-29.968	35.706	-74.53	23.52	-109.34	-50.078	-38.416	6.664	-0.57452	0.26599	-0.58490	0.50690	29.3	13111	100
2025-3-27 20:17:30.410	WT901BLE68-01(48591DE3C19B)	-0.487	-0.608	0.206	-1.404	-29.968	35.706	-74.36	23.83	-108.87	-50.078	-38.416	6.664	-0.57452	0.26599	-0.58490	0.50690	29.3	13111	100
2025-3-27 20:17:30.410	WT901BLE68-01(48591DE3C19B)	-0.487	-0.492	0.218	8.362	1.648	40.771	-74.21	24.27	-108.73	-50.078	-38.416	6.664	-0.57452	0.26599	-0.58490	0.50690	29.3	13111	100
2025-3-27 20:17:30.440	WT901BLE68-01(48591DE3C19B)	-0.462	-0.492	0.218	8.362	1.648	40.771	-74.07	24.72	-108.59	-50.078	-38.416	6.664	-0.57452	0.26599	-0.58490	0.50690	29.3	13111	100
2025-3-27 20:17:30.440	WT901BLE68-01(48591DE3C19B)	-0.462	-0.326	0.197	14.099	21.851	50.354	-73.94	25.32	-108.64	-50.078	-38.416	6.664	-0.57452	0.26599	-0.58490	0.50690	29.3	13111	100
2025-3-27 20:17:30.440	WT901BLE68-01(48591DE3C19B)	-0.407	-0.326	0.197	14.099	21.851	50.354	-73.81	25.92	-108.71	-50.078	-38.416	6.664	-0.57452	0.26599	-0.58490	0.50690	29.3	13111	100
2025-3-27 20:17:30.440	WT901BLE68-01(48591DE3C19B)	-0.407	-0.198	0.158	15.564	31.982	63.538	-73.69	26.68	-108.85	-50.078	-38.416	6.664	-0.56641	0.18616	-0.58295	0.55188	29.3	13111	100
2025-3-27 20:17:30.470	WT901BLE68-01(48591DE3C19B)	-0.376	-0.198	0.158	15.564	31.982	63.538	-73.57	27.44	-109.02	-50.078	-38.416	6.664	-0.56641	0.18616	-0.58295	0.55188	29.3	13111	100
2025-3-27 20:17:30.470	WT901BLE68-01(48591DE3C19B)	-0.376	-0.191	0.120	8.789	26.611	72.021	-73.47	28.27	-109.11	-50.078	-38.416	6.664	-0.56641	0.18616	-0.58295	0.55188	29.3	13111	100
2025-3-27 20:17:30.470	WT901BLE68-01(48591DE3C19B)	-0.431	-0.191	0.120	8.789	26.611	72.021	-73.37	29.10	-109.22	-50.078	-38.416	6.664	-0.56641	0.18616	-0.58295	0.55188	29.3	13111	100
2025-3-27 20:17:30.470	WT901BLE68-01(48591DE3C19B)	-0.431	-0.344	0.073	-8.484	5.432	70.679	-73.33	29.86	-109.11	-50.078	-38.416	6.664	-0.56641	0.18616	-0.58295	0.55188	29.3	13111	100
2025-3-27 20:17:30.527	WT901BLE68-01(48591DE3C19B)	-0.564	-0.344	0.073	-8.484	5.432	70.679	-73.30	30.61	-108.98	-50.078	-38.416	6.664	-0.56641	0.18616	-0.58295	0.55188	29.3	13111	100
2025-3-27 20:17:30.527	WT901BLE68-01(48591DE3C19B)	-0.693	-0.669	0.092	-28.137	-25.635	65.063	-73.30	31.23	-108.48	-50.078	-38.416	6.664	-0.56641	0.18616	-0.58295	0.55188	29.3	13111	100
2025-3-27 20:17:30.528	WT901BLE68-01(48591DE3C19B)	-0.693	-1.162	0.154	-43.457	-60.608	55.542	-73.30	31.74	-107.74	-50.078	-38.416	6.664	-0.56641	0.18616	-0.58295	0.55188	29.3	13111	100
2025-3-27 20:17:30.528	WT901BLE68-01(48591DE3C19B)	-0.739	-1.162	0.154	-43.457	-60.608	55.542	-73.28	32.14	-106.76	-50.078	-38.416	6.664	-0.56641	0.18616	-0.58295	0.55188	29.3	13111	100
2025-3-27 20:17:30.565	WT901BLE68-01(48591DE3C19B)	-0.739	-1.822	0.208	-34.729	-83.496	31.189	-73.17	32.38	-105.65	-50.078	-38.416	6.664	-0.56641	0.18616	-0.58295	0.55188	29.3	13111	100
2025-3-27 20:17:30.565	WT901BLE68-01(48591DE3C19B)	-0.706	-1.822	0.208	-34.729	-83.496	31.189	-72.98	32.44	-104.44	-50.078	-38.416	6.664	-0.56641	0.18616	-0.58295	0.55188	29.3	13111	100
2025-3-27 20:17:30.565	WT901BLE68-01(48591DE3C19B)	-0.706	-2.130	0.250	-14.160	-88.196	15.503	-72.70	32.40	-103.22	-50.078	-38.416	6.664	-0.56641	0.18616	-0.58295	0.55188	29.3	13111	100
2025-3-27 20:17:30.565	WT901BLE68-01(48591DE3C19B)	-0.780	-2.130	0.250	-14.160	-88.196	15.503	-72.31	32.26	-102.01	-50.078	-38.416	6.664	-0.56641	0.18616	-0.58295	0.55188	29.3	13111	100
2025-3-27 20:17:30.589	WT901BLE68-01(48591DE3C19B)	-0.780	-1.730	0.305	8.057	-61.218	0.854	-71.92	32.07	-101.00	-50.078	-38.416	6.664	-0.56641	0.18616	-0.58295	0.55188	29.3	13111	100
2025-3-27 20:17:30.589	WT901BLE68-01(48591DE3C19B)	-0.670	-1.730	0.305	8.057	-61.218	0.854	-71.52	31.85	-100.17	-50.078	-38.416	6.664	-0.56641	0.18616	-0.58295	0.55188	29.3	13111	100
2025-3-27 20:17:30.590	WT901BLE68-01(48591DE3C19B)	-0.670	-1.435	0.289	10.010	-16.724	-1.160	-71.25	31.69	-99.60	-54.292	-45.080	14.406	-0.56641	0.18616	-0.58295	0.55188	29.3	13111	100
2025-3-27 20:17:30.590	WT901BLE68-01(48591DE3C19B)	-0.519	-1.435	0.289	10.010	-16.724	-1.160	-71.10	31.59	-99.28	-54.292	-45.080	14.406	-0.56641	0.18616	-0.58295	0.55188	29.3	13111	100
2025-3-27 20:17:30.648	WT901BLE68-01(48591DE3C19B)	-0.519	-1.201	0.280	16.541	31.982	0.916	-71.05	31.57	-99.23	-54.292	-45.080	14.406	-0.56641	0.18616	-0.58295	0.55188	29.3	13111	100
2025-3-27 20:17:30.648	WT901BLE68-01(48591DE3C19B)	-0.423	-1.201	0.280	16.541	31.982	0.916	-71.11	31.64	-99.46	-54.292	-45.080	14.406	-0.56641	0.18616	-0.58295	0.55188	29.3	13111	100
2025-3-27 20:17:30.648	WT901BLE68-01(48591DE3C19B)	-0.423	-0.871	0.220	22.827	61.340	11.719	-71.22	31.81	-99.83	-54.292	-45.080	14.406	-0.56641	0.18616	-0.58295	0.55188	29.3	13111	100
2025-3-27 20:17:30.648	WT901BLE68-01(48591DE3C19B)	-0.462	-0.871	0.220	22.827	61.340	11.719	-71.37	32.07	-100.34	-54.292	-45.080	14.406	-0.56641	0.18616	-0.58295	0.55188	29.3	13111	100
2025-3-27 20:17:30.677	WT901BLE68-01(48591DE3C19B)	-0.462	-0.603	0.198	19.409	55.603	15.808	-71.52	32.34	-100.81	-54.292	-45.080	14.406	-0.56641	0.18616	-0.58295	0.55188	29.3	13111	100
2025-3-27 20:17:30.678	WT901BLE68-01(48591DE3C19B)	-0.462	-0.603	0.198	19.409	55.603	15.808	-71.66	32.63	-101.24	-54.292	-45.080	14.406	-0.56641	0.18616	-0.58295	0.55188	29.3	13111	100
2025-3-27 20:17:30.678	WT901BLE68-01(48591DE3C19B)	-0.462	-0.490	0.190	6.714	34.973	13.123	-71.80	32.87	-101.57	-54.292	-45.080	14.406	-0.56641	0.18616	-0.58295	0.55188	29.3	13111	100
2025-3-27 20:17:30.678	WT901BLE68-01(48591DE3C19B)	-0.482	-0.490	0.190	6.714	34.973	13.123	-71.95	33.06	-101.78	-54.292	-45.080	14.406	-0.56641	0.18616	-0.58295	0.55188	29.3	13111	100
2025-3-27 20:17:30.708	WT901BLE68-01(48591DE3C19B)	-0.482	-0.444	0.172	1.282	29.724	12.695	-72.11	33.26	-101.98	-54.292	-45.080	14.406	-0.56641	0.18616	-0.58295	0.55188	29.3	13111	100
2025-3-27 20:17:30.709	WT901BLE68-01(48591DE3C19B)	-0.595	-0.444	0.172	1.282	29.724	12.695	-72.28	33.44	-102.13	-54.292	-45.080	14.406	-0.56641	0.18616	-0.58295	0.55188	29.3	13111	100
2025-3-27 20:17:30.709	WT901BLE68-01(48591DE3C19B)	-0.595	-0.416	0.182	-0.916	27.649	10.315	-72.45	33.62	-102.29	-54.292	-45.080	14.406	-0.56641	0.18616	-0.58295	0.55188	29.3	13111	100
2025-3-27 20:17:30.709	WT901BLE68-01(48591DE3C19B)	-0.644	-0.416	0.182	-0.916	27.649	10.315	-72.64	33.79	-102.44	-54.292	-45.080	14.406	-0.56641	0.18616	-0.58295	0.55188	29.3	13111	100
2025-3-27 20:17:30.770	WT901BLE68-01(48591DE3C19B)	-0.644	-0.366	0.206	-3.845	13.550	3.723	-72.79	33.92	-102.52	-54.292	-45.080	14.406	-0.56641	0.18616	-0.58295	0.55188	29.3	13111	100
2025-3-27 20:17:30.770	WT901BLE68-01(48591DE3C19B)	-0.607	-0.366	0.206	-3.845	13.550	3.723	-72.92	34.01	-102.55	-54.292	-45.080	14.406	-0.56641	0.18616	-0.58295	0.55188	29.3	13111	100
2025-3-27 20:17:30.770	WT901BLE68-01(48591DE3C19B)	-0.607	-0.328	0.216	-4.944	-1.465	2.319	-73.00	34.08	-102.50	-54.292	-45.080	14.406	-0.56641	0.18616	-0.58295	0.55188	29.3	13111	100
2025-3-27 20:17:30.770	WT901BLE68-01(48591DE3C19B)	-0.547	-0.328	0.216	-4.944	-1.465	2.319	-73.04	34.13	-102.39	-54.292	-45.080	14.406	-0.56641	0.18616	-0.58295	0.55188	29.3	13111	100
2025-3-27 20:17:30.800	WT901BLE68-01(48591DE3C19B)	-0.547	-0.359	0.182	-6.775	-15.015	5.798	-73.03	34.18	-102.23	-54.292	-45.080	14.406	-0.56641	0.18616	-0.58295	0.55188	29.3	13111	100
2025-3-27 20:17:30.800	WT901BLE68-01(48591DE3C19B)	-0.469	-0.359	0.182	-6.775	-15.015	5.798	-72.98	34.24	-102.03	-54.292	-45.080	14.406	-0.56641	0.18616	-0.58295	0.55188	29.3	13111	100
2025-3-27 20:17:30.800	WT901BLE68-01(48591DE3C19B)	-0.469	-0.452	0.140	-8.667	-26.978	8.911	-72.89	34.29	-101.79	-54.292	-45.080	14.406	-0.56641	0.18616	-0.58295	0.55188	29.3	13111	100
2025-3-27 20:17:30.800	WT901BLE68-01(48591DE3C19B)	-0.439	-0.452	0.140	-8.667	-26.978	8.911	-72.77	34.35	-101.47	-54.292	-45.080	14.406	-0.62320	0.17493	-0.58887	0.48392	29.3	13111	100
2025-3-27 20:17:30.830	WT901BLE68-01(48591DE3C19B)	-0.439	-0.575	0.123	-10.437	-33.752	10.010	-72.64	34.40	-101.11	-54.292	-45.080	14.406	-0.62320	0.17493	-0.58887	0.48392	29.3	13111	100
2025-3-27 20:17:30.830	WT901BLE68-01(48591DE3C19B)	-0.432	-0.575	0.123	-10.437	-33.752	10.010	-72.50	34.44	-100.66	-54.292	-45.080	14.406	-0.62320	0.17493	-0.58887	0.48392	29.3	13111	100
2025-3-27 20:17:30.830	WT901BLE68-01(48591DE3C19B)	-0.432	-0.661	0.174	-10.132	-37.292	12.695	-72.35	34.48	-100.17	-54.292	-45.080	14.406	-0.62320	0.17493	-0.58887	0.48392	29.3	13111	100
2025-3-27 20:17:30.830	WT901BLE68-01(48591DE3C19B)	-0.407	-0.661	0.174	-10.132	-37.292	12.695	-72.19	34.52	-99.65	-54.292	-45.080	14.406	-0.62320	0.17493	-0.58887	0.48392	29.3	13111	100
2025-3-27 20:17:30.888	WT901BLE68-01(48591DE3C19B)	-0.407	-0.708	0.283	-7.507	-36.804	21.545	-72.00	34.61	-99.12	-54.292	-45.080	14.406	-0.62320	0.17493	-0.58887	0.48392	29.3	13111	100
2025-3-27 20:17:30.889	WT901BLE68-01(48591DE3C19B)	-0.331	-0.708	0.283	-7.507	-36.804	21.545	-71.80	34.72	-98.60	-54.292	-45.080	14.406	-0.62320	0.17493	-0.58887	0.48392	29.3	13111	100
2025-3-27 20:17:30.889	WT901BLE68-01(48591DE3C19B)	-0.331	-0.669	0.297	-3.662	-29.114	35.645	-71.57	34.90	-98.10	-54.292	-45.080	14.406	-0.62320	0.17493	-0.58887	0.48392	29.3	13111	100
2025-3-27 20:17:30.889	WT901BLE68-01(48591DE3C19B)	-0.220	-0.669	0.297	-3.662	-29.114	35.645	-71.33	35.16	-97.64	-54.292	-45.080	14.406	-0.62320	0.17493	-0.58887	0.48392	29.3	13111	100
2025-3-27 20:17:30.917	WT901BLE68-01(48591DE3C19B)	-0.220	-0.668	0.216	-8.423	-13.672	47.974	-71.15	35.47	-97.25	-54.292	-45.080	14.406	-0.62320	0.17493	-0.58887	0.48392	29.3	13111	100
2025-3-27 20:17:30.917	WT901BLE68-01(48591DE3C19B)	-0.234	-0.668	0.216	-8.423	-13.672	47.974	-71.03	35.87	-96.90	-54.292	-45.080	14.406	-0.62320	0.17493	-0.58887	0.48392	29.3	13111	100
2025-3-27 20:17:30.917	WT901BLE68-01(48591DE3C19B)	-0.234	-0.843	0.129	-16.907	7.507	46.692	-71.03	36.28	-96.69	-54.292	-45.080	14.406	-0.62320	0.17493	-0.58887	0.48392	29.3	13111	100
2025-3-27 20:17:30.917	WT901BLE68-01(48591DE3C19B)	-0.379	-0.843	0.129	-16.907	7.507	46.692	-71.14	36.71	-96.57	-54.292	-45.080	14.406	-0.62320	0.17493	-0.58887	0.48392	29.3	13111	100
2025-3-27 20:17:30.948	WT901BLE68-01(48591DE3C19B)	-0.379	-1.208	0.103	-33.020	24.170	25.391	-71.43	37.05	-96.58	-54.292	-45.080	14.406	-0.62320	0.17493	-0.58887	0.48392	29.3	13111	100
2025-3-27 20:17:30.948	WT901BLE68-01(48591DE3C19B)	-0.667	-1.208	0.103	-33.020	24.170	25.391	-71.89	37.30	-96.72	-54.292	-45.080	14.406	-0.62320	0.17493	-0.58887	0.48392	29.3	13111	100
2025-3-27 20:17:30.948	WT901BLE68-01(48591DE3C19B)	-0.667	-1.936	0.224	-36.377	22.400	-9.460	-72.41	37.38	-96.90	-54.292	-45.080	14.406	-0.62320	0.17493	-0.58887	0.48392	29.3	13111	100
2025-3-27 20:17:30.948	WT901BLE68-01(48591DE3C19B)	-0.953	-1.936	0.224	-36.377	22.400	-9.460	-72.98	37.27	-97.13	-54.292	-45.080	14.406	-0.62320	0.17493	-0.58887	0.48392	29.3	13111	100
2025-3-27 20:17:31.9	WT901BLE68-01(48591DE3C19B)	-0.953	-2.453	0.439	-25.269	-6.104	-44.678	-73.31	36.74	-97.14	-54.292	-45.080	14.406	-0.62320	0.17493	-0.58887	0.48392	29.3	13111	100
2025-3-27 20:17:31.9	WT901BLE68-01(48591DE3C19B)	-0.962	-2.453	0.439	-25.269	-6.104	-44.678	-73.64	36.22	-97.15	-54.292	-45.080	14.406	-0.62320	0.17493	-0.58887	0.48392	29.3	13111	100
2025-3-27 20:17:31.9	WT901BLE68-01(48591DE3C19B)	-0.962	-1.880	0.585	-9.521	-43.152	-54.749	-73.57	35.49	-96.76	-54.292	-45.080	14.406	-0.62320	0.17493	-0.58887	0.48392	29.3	13111	100
2025-3-27 20:17:31.9	WT901BLE68-01(48591DE3C19B)	-0.677	-1.880	0.585	-9.521	-43.152	-54.749	-73.50	34.78	-96.39	-54.292	-45.080	14.406	-0.62320	0.17493	-0.58887	0.48392	29.3	13111	100
2025-3-27 20:17:31.40	WT901BLE68-01(48591DE3C19B)	-0.677	-1.325	0.607	-22.705	-41.260	-46.387	-73.56	34.15	-96.03	-55.468	-51.646	12.544	-0.62320	0.17493	-0.58887	0.48392	29.3	13111	100
2025-3-27 20:17:31.40	WT901BLE68-01(48591DE3C19B)	-0.510	-1.325	0.607	-22.705	-41.260	-46.387	-73.62	33.53	-95.69	-55.468	-51.646	12.544	-0.62320	0.17493	-0.58887	0.48392	29.3	13111	100
2025-3-27 20:17:31.40	WT901BLE68-01(48591DE3C19B)	-0.510	-1.184	0.597	-35.400	-22.278	-21.362	-73.87	33.21	-95.50	-55.468	-51.646	12.544	-0.62320	0.17493	-0.58887	0.48392	29.3	13111	100
2025-3-27 20:17:31.40	WT901BLE68-01(48591DE3C19B)	-0.448	-1.184	0.597	-35.400	-22.278	-21.362	-74.12	32.89	-95.32	-55.468	-51.646	12.544	-0.62320	0.17493	-0.58887	0.48392	29.3	13111	100
2025-3-27 20:17:31.70	WT901BLE68-01(48591DE3C19B)	-0.448	-1.038	0.536	-33.203	-17.395	-10.803	-74.35	32.68	-95.18	-55.468	-51.646	12.544	-0.62320	0.17493	-0.58887	0.48392	29.3	13111	100
2025-3-27 20:17:31.70	WT901BLE68-01(48591DE3C19B)	-0.558	-1.038	0.536	-33.203	-17.395	-10.803	-74.58	32.47	-95.05	-55.468	-51.646	12.544	-0.62320	0.17493	-0.58887	0.48392	29.3	13111	100
2025-3-27 20:17:31.70	WT901BLE68-01(48591DE3C19B)	-0.558	-0.961	0.490	-41.138	-41.138	1.770	-74.71	32.33	-94.61	-55.468	-51.646	12.544	-0.62320	0.17493	-0.58887	0.48392	29.3	13111	100
2025-3-27 20:17:31.70	WT901BLE68-01(48591DE3C19B)	-0.496	-0.961	0.490	-41.138	-41.138	1.770	-74.84	32.18	-94.20	-55.468	-51.646	12.544	-0.62320	0.17493	-0.58887	0.48392	29.3	13111	100
2025-3-27 20:17:31.128	WT901BLE68-01(48591DE3C19B)	-0.496	-1.057	0.342	-40.222	-65.735	2.625	-74.82	31.99	-93.50	-55.468	-51.646	12.544	-0.62320	0.17493	-0.58887	0.48392	29.3	13111	100
2025-3-27 20:17:31.128	WT901BLE68-01(48591DE3C19B)	-0.337	-1.057	0.342	-40.222	-65.735	2.625	-74.80	31.79	-92.81	-55.468	-51.646	12.544	-0.62320	0.17493	-0.58887	0.48392	29.3	13111	100
2025-3-27 20:17:31.128	WT901BLE68-01(48591DE3C19B)	-0.337	-0.947	0.225	-19.470	-53.589	-3.052	-74.66	31.57	-92.27	-55.468	-51.646	12.544	-0.62320	0.17493	-0.58887	0.48392	29.3	13111	100
2025-3-27 20:17:31.128	WT901BLE68-01(48591DE3C19B)	-0.270	-0.947	0.225	-19.470	-53.589	-3.052	-74.53	31.35	-91.74	-55.468	-51.646	12.544	-0.62320	0.17493	-0.58887	0.48392	29.3	13111	100
2025-3-27 20:17:31.158	WT901BLE68-01(48591DE3C19B)	-0.270	-0.728	0.248	-9.521	-23.376	-13.550	-74.49	31.10	-91.58	-55.468	-51.646	12.544	-0.62320	0.17493	-0.58887	0.48392	29.3	13111	100
2025-3-27 20:17:31.158	WT901BLE68-01(48591DE3C19B)	-0.275	-0.728	0.248	-9.521	-23.376	-13.550	-74.46	30.86	-91.42	-55.468	-51.646	12.544	-0.62320	0.17493	-0.58887	0.48392	29.3	13111	100
2025-3-27 20:17:31.158	WT901BLE68-01(48591DE3C19B)	-0.275	-0.626	0.297	-5.554	10.986	-18.799	-74.59	30.66	-91.66	-55.468	-51.646	12.544	-0.62320	0.17493	-0.58887	0.48392	29.3	13111	100
2025-3-27 20:17:31.158	WT901BLE68-01(48591DE3C19B)	-0.373	-0.626	0.297	-5.554	10.986	-18.799	-74.72	30.46	-91.92	-55.468	-51.646	12.544	-0.62320	0.17493	-0.58887	0.48392	29.3	13111	100
2025-3-27 20:17:31.188	WT901BLE68-01(48591DE3C19B)	-0.373	-0.601	0.331	0.305	26.733	-25.696	-74.88	30.23	-92.37	-55.468	-51.646	12.544	-0.62320	0.17493	-0.58887	0.48392	29.3	13111	100
2025-3-27 20:17:31.189	WT901BLE68-01(48591DE3C19B)	-0.463	-0.601	0.331	0.305	26.733	-25.696	-75.04	30.01	-92.82	-55.468	-51.646	12.544	-0.62320	0.17493	-0.58887	0.48392	29.3	13111	100
2025-3-27 20:17:31.189	WT901BLE68-01(48591DE3C19B)	-0.463	-0.564	0.342	4.822	22.095	-31.799	-75.12	29.72	-93.25	-55.468	-51.646	12.544	-0.62320	0.17493	-0.58887	0.48392	29.3	13111	100
2025-3-27 20:17:31.189	WT901BLE68-01(48591DE3C19B)	-0.521	-0.564	0.342	4.822	22.095	-31.799	-75.20	29.44	-93.68	-55.468	-51.646	12.544	-0.62320	0.17493	-0.58887	0.48392	29.3	13111	100
2025-3-27 20:17:31.248	WT901BLE68-01(48591DE3C19B)	-0.521	-0.536	0.326	3.784	3.418	-35.522	-75.19	29.08	-93.92	-55.468	-51.646	12.544	-0.62320	0.17493	-0.58887	0.48392	29.3	13111	100
2025-3-27 20:17:31.248	WT901BLE68-01(48591DE3C19B)	-0.498	-0.536	0.326	3.784	3.418	-35.522	-75.17	28.73	-94.18	-55.468	-51.646	12.544	-0.63345	0.25827	-0.56662	0.45917	29.3	13111	100
2025-3-27 20:17:31.248	WT901BLE68-01(48591DE3C19B)	-0.498	-0.577	0.275	-2.014	-18.982	-37.964	-75.09	28.31	-94.20	-55.468	-51.646	12.544	-0.63345	0.25827	-0.56662	0.45917	29.3	13111	100
2025-3-27 20:17:31.248	WT901BLE68-01(48591DE3C19B)	-0.443	-0.577	0.275	-2.014	-18.982	-37.964	-75.01	27.89	-94.23	-55.468	-51.646	12.544	-0.63345	0.25827	-0.56662	0.45917	29.3	13111	100
2025-3-27 20:17:31.277	WT901BLE68-01(48591DE3C19B)	-0.443	-0.646	0.218	-4.700	-33.508	-38.513	-74.89	27.43	-94.11	-55.468	-51.646	12.544	-0.63345	0.25827	-0.56662	0.45917	29.3	13111	100
2025-3-27 20:17:31.278	WT901BLE68-01(48591DE3C19B)	-0.401	-0.646	0.218	-4.700	-33.508	-38.513	-74.78	26.98	-93.99	-55.468	-51.646	12.544	-0.63345	0.25827	-0.56662	0.45917	29.3	13111	100
2025-3-27 20:17:31.278	WT901BLE68-01(48591DE3C19B)	-0.401	-0.711	0.185	-6.042	-39.490	-37.292	-74.65	26.53	-93.80	-55.468	-51.646	12.544	-0.63345	0.25827	-0.56662	0.45917	29.3	13111	100
2025-3-27 20:17:31.278	WT901BLE68-01(48591DE3C19B)	-0.344	-0.711	0.185	-6.042	-39.490	-37.292	-74.53	26.08	-93.60	-55.468	-51.646	12.544	-0.63345	0.25827	-0.56662	0.45917	29.3	13111	100
2025-3-27 20:17:31.308	WT901BLE68-01(48591DE3C19B)	-0.344	-0.788	0.192	-5.249	-33.142	-36.316	-74.44	25.65	-93.46	-55.468	-51.646	12.544	-0.63345	0.25827	-0.56662	0.45917	29.3	13111	100
2025-3-27 20:17:31.308	WT901BLE68-01(48591DE3C19B)	-0.338	-0.788	0.192	-5.249	-33.142	-36.316	-74.36	25.23	-93.32	-55.468	-51.646	12.544	-0.63345	0.25827	-0.56662	0.45917	29.3	13111	100
2025-3-27 20:17:31.308	WT901BLE68-01(48591DE3C19B)	-0.338	-0.844	0.200	-3.540	-12.268	-35.278	-74.36	24.87	-93.38	-55.468	-51.646	12.544	-0.63345	0.25827	-0.56662	0.45917	29.3	13111	100
2025-3-27 20:17:31.309	WT901BLE68-01(48591DE3C19B)	-0.405	-0.844	0.200	-3.540	-12.268	-35.278	-74.36	24.52	-93.44	-55.468	-51.646	12.544	-0.63345	0.25827	-0.56662	0.45917	29.3	13111	100
2025-3-27 20:17:31.370	WT901BLE68-01(48591DE3C19B)	-0.405	-0.883	0.199	-1.648	7.019	-35.095	-74.43	24.21	-93.69	-55.468	-51.646	12.544	-0.63345	0.25827	-0.56662	0.45917	29.3	13111	100
2025-3-27 20:17:31.370	WT901BLE68-01(48591DE3C19B)	-0.445	-0.883	0.199	-1.648	7.019	-35.095	-74.51	23.91	-93.93	-55.468	-51.646	12.544	-0.63345	0.25827	-0.56662	0.45917	29.3	13111	100
2025-3-27 20:17:31.370	WT901BLE68-01(48591DE3C19B)	-0.445	-0.892	0.193	-0.427	15.869	-35.889	-74.61	23.62	-94.26	-55.468	-51.646	12.544	-0.63345	0.25827	-0.56662	0.45917	29.3	13111	100
2025-3-27 20:17:31.370	WT901BLE68-01(48591DE3C19B)	-0.470	-0.892	0.193	-0.427	15.869	-35.889	-74.72	23.33	-94.59	-55.468	-51.646	12.544	-0.63345	0.25827	-0.56662	0.45917	29.3	13111	100
2025-3-27 20:17:31.400	WT901BLE68-01(48591DE3C19B)	-0.470	-0.878	0.194	0.610	15.625	-37.964	-74.81	23.03	-94.91	-55.468	-51.646	12.544	-0.63345	0.25827	-0.56662	0.45917	29.3	13111	100
2025-3-27 20:17:31.400	WT901BLE68-01(48591DE3C19B)	-0.483	-0.878	0.194	0.610	15.625	-37.964	-74.90	22.73	-95.22	-55.468	-51.646	12.544	-0.63345	0.25827	-0.56662	0.45917	29.3	13111	100
2025-3-27 20:17:31.400	WT901BLE68-01(48591DE3C19B)	-0.483	-0.858	0.194	0.549	8.850	-39.917	-74.98	22.38	-95.46	-55.468	-51.646	12.544	-0.63345	0.25827	-0.56662	0.45917	29.3	13111	100
2025-3-27 20:17:31.400	WT901BLE68-01(48591DE3C19B)	-0.464	-0.858	0.194	0.549	8.850	-39.917	-75.04	22.06	-95.70	-53.410	-49.196	7.840	-0.63345	0.25827	-0.56662	0.45917	29.3	13111	100
